<kml xmlns="http://www.opengis.net/kml/2.2"><Document>
<Placemark>
<name>32 ม.16</name><ExtendedData>
  <Data name="address"><value></value></Data></ExtendedData>
  <Point><coordinates>101.7253686,14.365459999999999</coordinates></Point></Placemark>
<Placemark>
<name>49 ม.12</name><ExtendedData>
  <Data name="address"><value></value></Data></ExtendedData>
  <Point><coordinates>101.6888268,14.3935996</coordinates></Point></Placemark>
<Placemark>
<name>215 ม.5</name><ExtendedData>
  <Data name="address"><value></value></Data></ExtendedData>
  <Point><coordinates>101.6888295,14.407323499999999</coordinates></Point></Placemark>
<Placemark>
<name>73 ม.2</name><ExtendedData>
  <Data name="address"><value></value></Data></ExtendedData>
  <Point><coordinates>101.6784879,14.4434902</coordinates></Point></Placemark>
<Placemark>
<name>1 ม.19</name><ExtendedData>
  <Data name="address"><value></value></Data></ExtendedData>
  <Point><coordinates>101.6551473,14.4476708</coordinates></Point></Placemark>
<Placemark>
<name>88 ม.5</name><ExtendedData>
  <Data name="address"><value></value></Data></ExtendedData>
  <Point><coordinates>101.6824412,14.4088537</coordinates></Point></Placemark>
<Placemark>
<name>249 ม.7</name><ExtendedData>
  <Data name="address"><value></value></Data></ExtendedData>
  <Point><coordinates>101.6511482,14.463216899999999</coordinates></Point></Placemark>
<Placemark>
<name>230 ม.10 เนินใหญ่</name><ExtendedData>
  <Data name="address"><value></value></Data></ExtendedData>
  <Point><coordinates>101.7294194,14.3833057</coordinates></Point></Placemark>
<Placemark>
<name>225 ม.12</name><ExtendedData>
  <Data name="address"><value></value></Data></ExtendedData>
  <Point><coordinates>101.7013625,14.387117499999999</coordinates></Point></Placemark>
<Placemark>
<name>151 ม.5</name><ExtendedData>
  <Data name="address"><value></value></Data></ExtendedData>
  <Point><coordinates>101.68502579999999,14.4096499</coordinates></Point></Placemark>
<Placemark>
<name>90 ม.22</name><ExtendedData>
  <Data name="address"><value></value></Data></ExtendedData>
  <Point><coordinates>101.719116,14.3710834</coordinates></Point></Placemark>
<Placemark>
<name>9 ม.7</name><ExtendedData>
  <Data name="address"><value></value></Data></ExtendedData>
  <Point><coordinates>101.65181,14.463448399999999</coordinates></Point></Placemark>
<Placemark>
<name>313 ม.5</name><ExtendedData>
  <Data name="address"><value></value></Data></ExtendedData>
  <Point><coordinates>101.6893398,14.4047883</coordinates></Point></Placemark>
<Placemark>
<name>29 ม.8</name><ExtendedData>
  <Data name="address"><value></value></Data></ExtendedData>
  <Point><coordinates>101.64639629999999,14.475487</coordinates></Point></Placemark>
<Placemark>
<name>29 ม.5</name><ExtendedData>
  <Data name="address"><value></value></Data></ExtendedData>
  <Point><coordinates>101.688509,14.407709599999999</coordinates></Point></Placemark>
<Placemark>
<name>285 ม.1</name><ExtendedData>
  <Data name="address"><value></value></Data></ExtendedData>
  <Point><coordinates>101.66037159999999,14.465290099999999</coordinates></Point></Placemark>
<Placemark>
<name>11 ม.12</name><ExtendedData>
  <Data name="address"><value></value></Data></ExtendedData>
  <Point><coordinates>101.68843919999999,14.394103</coordinates></Point></Placemark>
<Placemark>
<name>14 ม.8</name><ExtendedData>
  <Data name="address"><value></value></Data></ExtendedData>
  <Point><coordinates>101.65546119999999,14.474879999999999</coordinates></Point></Placemark>
<Placemark>
<name>307 ม.10</name><ExtendedData>
  <Data name="address"><value></value></Data></ExtendedData>
  <Point><coordinates>101.732406,14.386285099999998</coordinates></Point></Placemark>
<Placemark>
<name>299 ม.5</name><ExtendedData>
  <Data name="address"><value></value></Data></ExtendedData>
  <Point><coordinates>101.6881372,14.410690299999999</coordinates></Point></Placemark>
<Placemark>
<name>55 ม.2</name><ExtendedData>
  <Data name="address"><value></value></Data></ExtendedData>
  <Point><coordinates>101.68088979999999,14.426854299999999</coordinates></Point></Placemark>
<Placemark>
<name>19 ม.1 เสริมศรี</name><ExtendedData>
  <Data name="address"><value></value></Data></ExtendedData>
  <Point><coordinates>101.66167109999999,14.4591175</coordinates></Point></Placemark>
<Placemark>
<name>38 ม.16</name><ExtendedData>
  <Data name="address"><value></value></Data></ExtendedData>
  <Point><coordinates>101.7251376,14.3655259</coordinates></Point></Placemark>
<Placemark>
<name>269 ม.5</name><ExtendedData>
  <Data name="address"><value></value></Data></ExtendedData>
  <Point><coordinates>101.68773519999999,14.410380199999999</coordinates></Point></Placemark>
<Placemark>
<name>353 ม.5</name><ExtendedData>
  <Data name="address"><value></value></Data></ExtendedData>
  <Point><coordinates>101.6873804,14.4115012</coordinates></Point></Placemark>
<Placemark>
<name>63 ม.16</name><ExtendedData>
  <Data name="address"><value></value></Data></ExtendedData>
  <Point><coordinates>101.72702819999999,14.364616799999999</coordinates></Point></Placemark>
<Placemark>
<name>308 ม.12</name><ExtendedData>
  <Data name="address"><value></value></Data></ExtendedData>
  <Point><coordinates>101.7016293,14.3865615</coordinates></Point></Placemark>
<Placemark>
<name>86 ม.2</name><ExtendedData>
  <Data name="address"><value></value></Data></ExtendedData>
  <Point><coordinates>101.67433319999999,14.444498699999999</coordinates></Point></Placemark>
<Placemark>
<name>29 ม.22</name><ExtendedData>
  <Data name="address"><value></value></Data></ExtendedData>
  <Point><coordinates>101.71445299999999,14.369534499999999</coordinates></Point></Placemark>
<Placemark>
<name>47 ม.10</name><ExtendedData>
  <Data name="address"><value></value></Data></ExtendedData>
  <Point><coordinates>101.73835109999999,14.3798774</coordinates></Point></Placemark>
<Placemark>
<name>235 ม.10</name><ExtendedData>
  <Data name="address"><value></value></Data></ExtendedData>
  <Point><coordinates>101.7286506,14.3838523</coordinates></Point></Placemark>
<Placemark>
<name>789 ม.10</name><ExtendedData>
  <Data name="address"><value>9PPG+RJ6 Ticha Farm ตำบล วังหมี อำเภอวังน้ำเขียว นครราชสีมา ไทย</value></Data></ExtendedData>
  <Point><coordinates>101.7265106,14.3870329</coordinates></Point></Placemark>
<Placemark>
<name>445 ม.2</name><ExtendedData>
  <Data name="address"><value></value></Data></ExtendedData>
  <Point><coordinates>101.67324119999999,14.4471023</coordinates></Point></Placemark>
<Placemark>
<name>126 ม.19</name><ExtendedData>
  <Data name="address"><value></value></Data></ExtendedData>
  <Point><coordinates>101.6659617,14.454095299999999</coordinates></Point></Placemark>
<Placemark>
<name>130 ม.16</name><ExtendedData>
  <Data name="address"><value></value></Data></ExtendedData>
  <Point><coordinates>101.72402009999999,14.3615362</coordinates></Point></Placemark>
<Placemark>
<name>72 ม.2</name><ExtendedData>
  <Data name="address"><value></value></Data></ExtendedData>
  <Point><coordinates>101.6783545,14.4435253</coordinates></Point></Placemark>
<Placemark>
<name>83 ม.12</name><ExtendedData>
  <Data name="address"><value></value></Data></ExtendedData>
  <Point><coordinates>101.70520069999999,14.385695</coordinates></Point></Placemark>
<Placemark>
<name>26 ม.10</name><ExtendedData>
  <Data name="address"><value></value></Data></ExtendedData>
  <Point><coordinates>101.72918639999999,14.3833586</coordinates></Point></Placemark>
<Placemark>
<name>72 ม.1 รับฝาก</name><ExtendedData>
  <Data name="address"><value></value></Data></ExtendedData>
  <Point><coordinates>101.65769069999999,14.4609502</coordinates></Point></Placemark>
<Placemark>
<name>3 ม.2</name><ExtendedData>
  <Data name="address"><value></value></Data></ExtendedData>
  <Point><coordinates>101.67662179999999,14.442819799999999</coordinates></Point></Placemark>
<Placemark>
<name>137 ม.12</name><ExtendedData>
  <Data name="address"><value></value></Data></ExtendedData>
  <Point><coordinates>101.7062471,14.389680799999999</coordinates></Point></Placemark>
<Placemark>
<name>200 ม.12</name><ExtendedData>
  <Data name="address"><value></value></Data></ExtendedData>
  <Point><coordinates>101.6859049,14.4009103</coordinates></Point></Placemark>
<Placemark>
<name>114 ม.12</name><ExtendedData>
  <Data name="address"><value></value></Data></ExtendedData>
  <Point><coordinates>101.6891467,14.393835099999999</coordinates></Point></Placemark>
<Placemark>
<name>40 ม.1</name><ExtendedData>
  <Data name="address"><value></value></Data></ExtendedData>
  <Point><coordinates>101.6602422,14.4669029</coordinates></Point></Placemark>
<Placemark>
<name>10 ม.10</name><ExtendedData>
  <Data name="address"><value></value></Data></ExtendedData>
  <Point><coordinates>101.7242746,14.3724498</coordinates></Point></Placemark>
<Placemark>
<name>249 ม.16</name><ExtendedData>
  <Data name="address"><value></value></Data></ExtendedData>
  <Point><coordinates>101.7240302,14.3617025</coordinates></Point></Placemark>
<Placemark>
<name>88 ม.12</name><ExtendedData>
  <Data name="address"><value></value></Data></ExtendedData>
  <Point><coordinates>101.70329729999999,14.403552999999999</coordinates></Point></Placemark>
<Placemark>
<name>47 ม.8 บ้านชมพู</name><ExtendedData>
  <Data name="address"><value></value></Data></ExtendedData>
  <Point><coordinates>101.65130409999999,14.4657229</coordinates></Point></Placemark>
<Placemark>
<name>148 ม.2</name><ExtendedData>
  <Data name="address"><value></value></Data></ExtendedData>
  <Point><coordinates>101.6734537,14.4445328</coordinates></Point></Placemark>
<Placemark>
<name>153 ม.1</name><ExtendedData>
  <Data name="address"><value></value></Data></ExtendedData>
  <Point><coordinates>101.66134219999999,14.4653235</coordinates></Point></Placemark>
<Placemark>
<name>111 ม.5</name><ExtendedData>
  <Data name="address"><value></value></Data></ExtendedData>
  <Point><coordinates>101.68190709999999,14.4169071</coordinates></Point></Placemark>
<Placemark>
<name>296 ม.10</name><ExtendedData>
  <Data name="address"><value></value></Data></ExtendedData>
  <Point><coordinates>101.72712779999999,14.38467</coordinates></Point></Placemark>
<Placemark>
<name>ม.21 พระสมศักดิ์ วัดสังฆทาน </name><ExtendedData>
  <Data name="address"><value>ศูนย์ปฏิบัติธรรมสวนป่าสมุนไพรวังน้ำเขียว โดยวัดสังฆทาน นนทบุรี หมู่ที่21บ้านวังไผ่ทอง ตำบล วังหมี อำเภอวังน้ำเขียว นครราชสีมา 30370 ไทย</value></Data></ExtendedData>
  <Point><coordinates>101.6521628,14.430682099999999</coordinates></Point></Placemark>
<Placemark>
<name>281 ม.2</name><ExtendedData>
  <Data name="address"><value></value></Data></ExtendedData>
  <Point><coordinates>101.6700353,14.444951</coordinates></Point></Placemark>
<Placemark>
<name>198 ม.10</name><ExtendedData>
  <Data name="address"><value></value></Data></ExtendedData>
  <Point><coordinates>101.71722,14.3757557</coordinates></Point></Placemark>
<Placemark>
<name>1 ม.1</name><ExtendedData>
  <Data name="address"><value></value></Data></ExtendedData>
  <Point><coordinates>101.6578926,14.4609388</coordinates></Point></Placemark>
<Placemark>
<name>62 ม.10</name><ExtendedData>
  <Data name="address"><value></value></Data></ExtendedData>
  <Point><coordinates>101.7084398,14.381114499999999</coordinates></Point></Placemark>
<Placemark>
<name>168 ม.1</name><ExtendedData>
  <Data name="address"><value></value></Data></ExtendedData>
  <Point><coordinates>101.6596575,14.466609499999999</coordinates></Point></Placemark>
<Placemark>
<name>244 ม.12</name><ExtendedData>
  <Data name="address"><value></value></Data></ExtendedData>
  <Point><coordinates>101.6876104,14.3958962</coordinates></Point></Placemark>
<Placemark>
<name>99 ม.12</name><ExtendedData>
  <Data name="address"><value></value></Data></ExtendedData>
  <Point><coordinates>101.69777599999999,14.3889306</coordinates></Point></Placemark>
<Placemark>
<name>70 ม.5</name><ExtendedData>
  <Data name="address"><value></value></Data></ExtendedData>
  <Point><coordinates>101.68338399999999,14.407191399999999</coordinates></Point></Placemark>
<Placemark>
<name>82/4 ม.7</name><ExtendedData>
  <Data name="address"><value></value></Data></ExtendedData>
  <Point><coordinates>101.65630639999999,14.4630903</coordinates></Point></Placemark>
<Placemark>
<name>149 ม.2</name><ExtendedData>
  <Data name="address"><value></value></Data></ExtendedData>
  <Point><coordinates>101.6695609,14.4431623</coordinates></Point></Placemark>
<Placemark>
<name>73 ม.8</name><ExtendedData>
  <Data name="address"><value></value></Data></ExtendedData>
  <Point><coordinates>101.6477508,14.4764012</coordinates></Point></Placemark>
<Placemark>
<name>210 ม.12</name><ExtendedData>
  <Data name="address"><value></value></Data></ExtendedData>
  <Point><coordinates>101.6884218,14.393825</coordinates></Point></Placemark>
<Placemark>
<name>73 ม.16</name><ExtendedData>
  <Data name="address"><value></value></Data></ExtendedData>
  <Point><coordinates>101.7238112,14.3659615</coordinates></Point></Placemark>
<Placemark>
<name>45 ม.22</name><ExtendedData>
  <Data name="address"><value></value></Data></ExtendedData>
  <Point><coordinates>101.7197946,14.3712705</coordinates></Point></Placemark>
<Placemark>
<name>59 ม.12</name><ExtendedData>
  <Data name="address"><value></value></Data></ExtendedData>
  <Point><coordinates>101.69102389999999,14.391087599999999</coordinates></Point></Placemark>
<Placemark>
<name>73 ม.22</name><ExtendedData>
  <Data name="address"><value></value></Data></ExtendedData>
  <Point><coordinates>101.7181967,14.3719139</coordinates></Point></Placemark>
<Placemark>
<name>92 ม.5</name><ExtendedData>
  <Data name="address"><value></value></Data></ExtendedData>
  <Point><coordinates>101.6833588,14.4076148</coordinates></Point></Placemark>
<Placemark>
<name>208 ม.12</name><ExtendedData>
  <Data name="address"><value></value></Data></ExtendedData>
  <Point><coordinates>101.68757959999999,14.393453099999999</coordinates></Point></Placemark>
<Placemark>
<name>65 ม.5</name><ExtendedData>
  <Data name="address"><value></value></Data></ExtendedData>
  <Point><coordinates>101.6872135,14.411204399999999</coordinates></Point></Placemark>
<Placemark>
<name>201 ม.10</name><ExtendedData>
  <Data name="address"><value></value></Data></ExtendedData>
  <Point><coordinates>101.7167185,14.3756183</coordinates></Point></Placemark>
<Placemark>
<name>169 ม.12</name><ExtendedData>
  <Data name="address"><value></value></Data></ExtendedData>
  <Point><coordinates>101.6891289,14.3942751</coordinates></Point></Placemark>
<Placemark>
<name>56 ม.21</name><ExtendedData>
  <Data name="address"><value></value></Data></ExtendedData>
  <Point><coordinates>101.6753528,14.4226069</coordinates></Point></Placemark>
<Placemark>
<name>2 ม.2</name><ExtendedData>
  <Data name="address"><value></value></Data></ExtendedData>
  <Point><coordinates>101.67247069999999,14.4448964</coordinates></Point></Placemark>
<Placemark>
<name>432/1 ม.2</name><ExtendedData>
  <Data name="address"><value></value></Data></ExtendedData>
  <Point><coordinates>101.67690209999999,14.442882099999999</coordinates></Point></Placemark>
<Placemark>
<name>106 ม.16</name><ExtendedData>
  <Data name="address"><value></value></Data></ExtendedData>
  <Point><coordinates>101.72395139999999,14.3654785</coordinates></Point></Placemark>
<Placemark>
<name>158 ม.12</name><ExtendedData>
  <Data name="address"><value></value></Data></ExtendedData>
  <Point><coordinates>101.7043015,14.3862059</coordinates></Point></Placemark>
<Placemark>
<name>224/1 ม.12</name><ExtendedData>
  <Data name="address"><value></value></Data></ExtendedData>
  <Point><coordinates>101.6853101,14.3930391</coordinates></Point></Placemark>
<Placemark>
<name>53 ม.2</name><ExtendedData>
  <Data name="address"><value></value></Data></ExtendedData>
  <Point><coordinates>101.6755878,14.4394119</coordinates></Point></Placemark>
<Placemark>
<name>313 ม.2</name><ExtendedData>
  <Data name="address"><value></value></Data></ExtendedData>
  <Point><coordinates>101.66833439999999,14.4450185</coordinates></Point></Placemark>
<Placemark>
<name>197 ม.5</name><ExtendedData>
  <Data name="address"><value></value></Data></ExtendedData>
  <Point><coordinates>101.6839502,14.407311199999999</coordinates></Point></Placemark>
<Placemark>
<name>42 ม.12</name><ExtendedData>
  <Data name="address"><value></value></Data></ExtendedData>
  <Point><coordinates>101.698471,14.3894785</coordinates></Point></Placemark>
<Placemark>
<name>ที่นี้</name><ExtendedData>
  <Data name="address"><value></value></Data></ExtendedData>
  <Point><coordinates>101.77349609999999,14.4992541</coordinates></Point></Placemark>
<Placemark>
<name>156 ม.2</name><ExtendedData>
  <Data name="address"><value></value></Data></ExtendedData>
  <Point><coordinates>101.6822521,14.444155499999999</coordinates></Point></Placemark>
<Placemark>
<name>102 ม.16</name><ExtendedData>
  <Data name="address"><value></value></Data></ExtendedData>
  <Point><coordinates>101.73243819999999,14.3630819</coordinates></Point></Placemark>
<Placemark>
<name>90 ม.12</name><ExtendedData>
  <Data name="address"><value></value></Data></ExtendedData>
  <Point><coordinates>101.69697939999999,14.389079299999999</coordinates></Point></Placemark>
<Placemark>
<name>443 ม.2</name><ExtendedData>
  <Data name="address"><value></value></Data></ExtendedData>
  <Point><coordinates>101.67974819999999,14.443385699999999</coordinates></Point></Placemark>
<Placemark>
<name>88 ม.8</name><ExtendedData>
  <Data name="address"><value></value></Data></ExtendedData>
  <Point><coordinates>101.6587814,14.480039</coordinates></Point></Placemark>
<Placemark>
<name>212 ม.5</name><ExtendedData>
  <Data name="address"><value></value></Data></ExtendedData>
  <Point><coordinates>101.6842382,14.407542399999999</coordinates></Point></Placemark>
<Placemark>
<name>44 ม.21</name><ExtendedData>
  <Data name="address"><value></value></Data></ExtendedData>
  <Point><coordinates>101.6786693,14.4333795</coordinates></Point></Placemark>
<Placemark>
<name>104 ม.10</name><ExtendedData>
  <Data name="address"><value></value></Data></ExtendedData>
  <Point><coordinates>101.7178433,14.3757424</coordinates></Point></Placemark>
<Placemark>
<name>248 ม.10</name><ExtendedData>
  <Data name="address"><value></value></Data></ExtendedData>
  <Point><coordinates>101.7345551,14.374976199999999</coordinates></Point></Placemark>
<Placemark>
<name>35 ม.7</name><ExtendedData>
  <Data name="address"><value></value></Data></ExtendedData>
  <Point><coordinates>101.6575429,14.4609651</coordinates></Point></Placemark>
<Placemark>
<name>85 ม.12</name><ExtendedData>
  <Data name="address"><value></value></Data></ExtendedData>
  <Point><coordinates>101.688113,14.394400399999999</coordinates></Point></Placemark>
<Placemark>
<name>125 ม.21</name><ExtendedData>
  <Data name="address"><value></value></Data></ExtendedData>
  <Point><coordinates>101.68074329999999,14.4279414</coordinates></Point></Placemark>
<Placemark>
<name>46/2 ม.10</name><ExtendedData>
  <Data name="address"><value></value></Data></ExtendedData>
  <Point><coordinates>101.7379072,14.379933</coordinates></Point></Placemark>
<Placemark>
<name>27 ม.5</name><ExtendedData>
  <Data name="address"><value></value></Data></ExtendedData>
  <Point><coordinates>101.6856481,14.4079334</coordinates></Point></Placemark>
<Placemark>
<name>215 ม.10</name><ExtendedData>
  <Data name="address"><value></value></Data></ExtendedData>
  <Point><coordinates>101.7251671,14.373862599999999</coordinates></Point></Placemark>
<Placemark>
<name>234 ม.7</name><ExtendedData>
  <Data name="address"><value></value></Data></ExtendedData>
  <Point><coordinates>101.6557203,14.4629578</coordinates></Point></Placemark>
<Placemark>
<name>95 ม.22</name><ExtendedData>
  <Data name="address"><value></value></Data></ExtendedData>
  <Point><coordinates>101.7193413,14.371438399999999</coordinates></Point></Placemark>
<Placemark>
<name>278 ม.1</name><ExtendedData>
  <Data name="address"><value></value></Data></ExtendedData>
  <Point><coordinates>101.6603706,14.4648525</coordinates></Point></Placemark>
<Placemark>
<name>281 ม.2 บ้านกำนัน</name><ExtendedData>
  <Data name="address"><value></value></Data></ExtendedData>
  <Point><coordinates>101.6779495,14.437793999999998</coordinates></Point></Placemark>
<Placemark>
<name>135 ม.12</name><ExtendedData>
  <Data name="address"><value></value></Data></ExtendedData>
  <Point><coordinates>101.69066079999999,14.394504699999999</coordinates></Point></Placemark>
<Placemark>
<name>113 ม.16</name><ExtendedData>
  <Data name="address"><value></value></Data></ExtendedData>
  <Point><coordinates>101.7314961,14.3629938</coordinates></Point></Placemark>
<Placemark>
<name>122 ม.5</name><ExtendedData>
  <Data name="address"><value></value></Data></ExtendedData>
  <Point><coordinates>101.68683229999999,14.412822799999999</coordinates></Point></Placemark>
<Placemark>
<name>185/10 ม.2</name><ExtendedData>
  <Data name="address"><value></value></Data></ExtendedData>
  <Point><coordinates>101.6744284,14.4431107</coordinates></Point></Placemark>
<Placemark>
<name>272 ม.10</name><ExtendedData>
  <Data name="address"><value></value></Data></ExtendedData>
  <Point><coordinates>101.7379642,14.3796631</coordinates></Point></Placemark>
<Placemark>
<name>288 ม.2</name><ExtendedData>
  <Data name="address"><value></value></Data></ExtendedData>
  <Point><coordinates>101.6722095,14.446449</coordinates></Point></Placemark>
<Placemark>
<name>284 ม.1</name><ExtendedData>
  <Data name="address"><value></value></Data></ExtendedData>
  <Point><coordinates>101.6588575,14.459439199999998</coordinates></Point></Placemark>
<Placemark>
<name>218 ม.10</name><ExtendedData>
  <Data name="address"><value>บ้านสวนแม่ทองดี ตำบล วังหมี อำเภอวังน้ำเขียว นครราชสีมา 30370 ไทย</value></Data></ExtendedData>
  <Point><coordinates>101.73109529999999,14.3764633</coordinates></Point></Placemark>
<Placemark>
<name>452 ม.2</name><ExtendedData>
  <Data name="address"><value></value></Data></ExtendedData>
  <Point><coordinates>101.67280029999999,14.446921099999999</coordinates></Point></Placemark>
<Placemark>
<name>488 ม.2</name><ExtendedData>
  <Data name="address"><value></value></Data></ExtendedData>
  <Point><coordinates>101.67139519999999,14.4467649</coordinates></Point></Placemark>
<Placemark>
<name>22 ม.12</name><ExtendedData>
  <Data name="address"><value></value></Data></ExtendedData>
  <Point><coordinates>101.68700799999999,14.3998309</coordinates></Point></Placemark>
<Placemark>
<name>321 ม.5</name><ExtendedData>
  <Data name="address"><value></value></Data></ExtendedData>
  <Point><coordinates>101.6790777,14.4155872</coordinates></Point></Placemark>
<Placemark>
<name>297 ม.12</name><ExtendedData>
  <Data name="address"><value></value></Data></ExtendedData>
  <Point><coordinates>101.68517969999999,14.3900598</coordinates></Point></Placemark>
<Placemark>
<name>56 ม.2</name><ExtendedData>
  <Data name="address"><value></value></Data></ExtendedData>
  <Point><coordinates>101.6791652,14.4444815</coordinates></Point></Placemark>
<Placemark>
<name>13 ม.22</name><ExtendedData>
  <Data name="address"><value></value></Data></ExtendedData>
  <Point><coordinates>101.71905699999999,14.371371199999999</coordinates></Point></Placemark>
<Placemark>
<name>9 ม.21</name><ExtendedData>
  <Data name="address"><value></value></Data></ExtendedData>
  <Point><coordinates>101.6776424,14.432088199999999</coordinates></Point></Placemark>
<Placemark>
<name>328 ม.12</name><ExtendedData>
  <Data name="address"><value></value></Data></ExtendedData>
  <Point><coordinates>101.68811129999999,14.392992</coordinates></Point></Placemark>
<Placemark>
<name>7 ม.7</name><ExtendedData>
  <Data name="address"><value></value></Data></ExtendedData>
  <Point><coordinates>101.6509426,14.463454899999999</coordinates></Point></Placemark>
<Placemark>
<name>124 ม.1</name><ExtendedData>
  <Data name="address"><value></value></Data></ExtendedData>
  <Point><coordinates>101.66021239999999,14.463563899999999</coordinates></Point></Placemark>
<Placemark>
<name>307 ม.5</name><ExtendedData>
  <Data name="address"><value></value></Data></ExtendedData>
  <Point><coordinates>101.68568259999999,14.407811899999999</coordinates></Point></Placemark>
<Placemark>
<name>135 ม.16</name><ExtendedData>
  <Data name="address"><value></value></Data></ExtendedData>
  <Point><coordinates>101.72921249999999,14.363169599999999</coordinates></Point></Placemark>
<Placemark>
<name>220 ม.2</name><ExtendedData>
  <Data name="address"><value></value></Data></ExtendedData>
  <Point><coordinates>101.67564209999999,14.4441753</coordinates></Point></Placemark>
<Placemark>
<name>116 ม.10</name><ExtendedData>
  <Data name="address"><value></value></Data></ExtendedData>
  <Point><coordinates>101.7382794,14.379826399999999</coordinates></Point></Placemark>
<Placemark>
<name>35 ม.10</name><ExtendedData>
  <Data name="address"><value></value></Data></ExtendedData>
  <Point><coordinates>101.7285544,14.3835213</coordinates></Point></Placemark>
<Placemark>
<name>74 ม.22</name><ExtendedData>
  <Data name="address"><value></value></Data></ExtendedData>
  <Point><coordinates>101.7183476,14.3717931</coordinates></Point></Placemark>
<Placemark>
<name>65 ม.12</name><ExtendedData>
  <Data name="address"><value></value></Data></ExtendedData>
  <Point><coordinates>101.69644729999999,14.3882622</coordinates></Point></Placemark>
<Placemark>
<name>109/1-2-3 ม.21</name><ExtendedData>
  <Data name="address"><value></value></Data></ExtendedData>
  <Point><coordinates>101.68048209999999,14.4275934</coordinates></Point></Placemark>
<Placemark>
<name>222 ม.2</name><ExtendedData>
  <Data name="address"><value></value></Data></ExtendedData>
  <Point><coordinates>101.67691149999999,14.4445591</coordinates></Point></Placemark>
<Placemark>
<name>119 ม.12</name><ExtendedData>
  <Data name="address"><value></value></Data></ExtendedData>
  <Point><coordinates>101.6853534,14.3930501</coordinates></Point></Placemark>
<Placemark>
<name>236 ม.10</name><ExtendedData>
  <Data name="address"><value></value></Data></ExtendedData>
  <Point><coordinates>101.70666589999999,14.381518799999998</coordinates></Point></Placemark>
<Placemark>
<name>139 ม.10</name><ExtendedData>
  <Data name="address"><value></value></Data></ExtendedData>
  <Point><coordinates>101.7237931,14.3724244</coordinates></Point></Placemark>
<Placemark>
<name>156 ม.1</name><ExtendedData>
  <Data name="address"><value></value></Data></ExtendedData>
  <Point><coordinates>101.6602472,14.463536999999999</coordinates></Point></Placemark>
<Placemark>
<name>62 ม.2</name><ExtendedData>
  <Data name="address"><value></value></Data></ExtendedData>
  <Point><coordinates>101.6701992,14.444203199999999</coordinates></Point></Placemark>
<Placemark>
<name>93 ม.12</name><ExtendedData>
  <Data name="address"><value></value></Data></ExtendedData>
  <Point><coordinates>101.68826659999999,14.3946502</coordinates></Point></Placemark>
<Placemark>
<name>329 ม.5</name><ExtendedData>
  <Data name="address"><value></value></Data></ExtendedData>
  <Point><coordinates>101.6850429,14.411536199999999</coordinates></Point></Placemark>
<Placemark>
<name>291 ม.12</name><ExtendedData>
  <Data name="address"><value></value></Data></ExtendedData>
  <Point><coordinates>101.69700019999999,14.388129699999999</coordinates></Point></Placemark>
<Placemark>
<name>1 ม.12</name><ExtendedData>
  <Data name="address"><value></value></Data></ExtendedData>
  <Point><coordinates>101.687424,14.393466799999999</coordinates></Point></Placemark>
<Placemark>
<name>105 ม.12</name><ExtendedData>
  <Data name="address"><value></value></Data></ExtendedData>
  <Point><coordinates>101.68842219999999,14.3935324</coordinates></Point></Placemark>
<Placemark>
<name>196 ม.22</name><ExtendedData>
  <Data name="address"><value></value></Data></ExtendedData>
  <Point><coordinates>101.71941439999999,14.370421799999999</coordinates></Point></Placemark>
<Placemark>
<name>62 ม.1</name><ExtendedData>
  <Data name="address"><value></value></Data></ExtendedData>
  <Point><coordinates>101.6585028,14.460433</coordinates></Point></Placemark>
<Placemark>
<name>205 ม.1</name><ExtendedData>
  <Data name="address"><value></value></Data></ExtendedData>
  <Point><coordinates>101.6590466,14.4601937</coordinates></Point></Placemark>
<Placemark>
<name>83 ม.7 ห้อง3</name><ExtendedData>
  <Data name="address"><value></value></Data></ExtendedData>
  <Point><coordinates>101.65644689999999,14.4631893</coordinates></Point></Placemark>
<Placemark>
<name>151 ม.1</name><ExtendedData>
  <Data name="address"><value></value></Data></ExtendedData>
  <Point><coordinates>101.65901439999999,14.4628429</coordinates></Point></Placemark>
<Placemark>
<name>97 ม.7</name><ExtendedData>
  <Data name="address"><value></value></Data></ExtendedData>
  <Point><coordinates>101.65036459999999,14.4634448</coordinates></Point></Placemark>
<Placemark>
<name>459 ม.2</name><ExtendedData>
  <Data name="address"><value></value></Data></ExtendedData>
  <Point><coordinates>101.672923,14.4473159</coordinates></Point></Placemark>
<Placemark>
<name>218 ม.10</name><ExtendedData>
  <Data name="address"><value></value></Data></ExtendedData>
  <Point><coordinates>101.730559,14.3769178</coordinates></Point></Placemark>
<Placemark>
<name>109 ม.21</name><ExtendedData>
  <Data name="address"><value></value></Data></ExtendedData>
  <Point><coordinates>101.6805234,14.4275836</coordinates></Point></Placemark>
<Placemark>
<name>265 ม.10</name><ExtendedData>
  <Data name="address"><value></value></Data></ExtendedData>
  <Point><coordinates>101.7276267,14.3836509</coordinates></Point></Placemark>
<Placemark>
<name>24 ม.21</name><ExtendedData>
  <Data name="address"><value></value></Data></ExtendedData>
  <Point><coordinates>101.680106,14.429877999999999</coordinates></Point></Placemark>
<Placemark>
<name>148 ม.10</name><ExtendedData>
  <Data name="address"><value></value></Data></ExtendedData>
  <Point><coordinates>101.71003569999999,14.3806829</coordinates></Point></Placemark>
<Placemark>
<name>267 ม.10</name><ExtendedData>
  <Data name="address"><value></value></Data></ExtendedData>
  <Point><coordinates>101.7317784,14.386637799999999</coordinates></Point></Placemark>
<Placemark>
<name>5 ม.22 น้องจูน</name><ExtendedData>
  <Data name="address"><value></value></Data></ExtendedData>
  <Point><coordinates>101.7185001,14.3707508</coordinates></Point></Placemark>
<Placemark>
<name>235 ม.5</name><ExtendedData>
  <Data name="address"><value></value></Data></ExtendedData>
  <Point><coordinates>101.6891212,14.404049599999999</coordinates></Point></Placemark>
<Placemark>
<name>119 ม.8</name><ExtendedData>
  <Data name="address"><value></value></Data></ExtendedData>
  <Point><coordinates>101.6519072,14.464772</coordinates></Point></Placemark>
<Placemark>
<name>24 ม.8</name><ExtendedData>
  <Data name="address"><value></value></Data></ExtendedData>
  <Point><coordinates>101.6506349,14.4638902</coordinates></Point></Placemark>
<Placemark>
<name>327 ม.5</name><ExtendedData>
  <Data name="address"><value></value></Data></ExtendedData>
  <Point><coordinates>101.6964507,14.4089917</coordinates></Point></Placemark>
<Placemark>
<name>291 ม.5</name><ExtendedData>
  <Data name="address"><value></value></Data></ExtendedData>
  <Point><coordinates>101.6924847,14.407962</coordinates></Point></Placemark>
<Placemark>
<name>18 ม.10</name><ExtendedData>
  <Data name="address"><value></value></Data></ExtendedData>
  <Point><coordinates>101.7378315,14.379957699999999</coordinates></Point></Placemark>
<Placemark>
<name>256 ม.2</name><ExtendedData>
  <Data name="address"><value></value></Data></ExtendedData>
  <Point><coordinates>101.6734826,14.4445623</coordinates></Point></Placemark>
<Placemark>
<name>263 ม.10</name><ExtendedData>
  <Data name="address"><value></value></Data></ExtendedData>
  <Point><coordinates>101.7287535,14.3834035</coordinates></Point></Placemark>
<Placemark>
<name>55 ม.12</name><ExtendedData>
  <Data name="address"><value></value></Data></ExtendedData>
  <Point><coordinates>101.6964835,14.3894252</coordinates></Point></Placemark>
<Placemark>
<name>25/1 ม.10</name><ExtendedData>
  <Data name="address"><value></value></Data></ExtendedData>
  <Point><coordinates>101.7229636,14.3726031</coordinates></Point></Placemark>
<Placemark>
<name>14 ม.12</name><ExtendedData>
  <Data name="address"><value></value></Data></ExtendedData>
  <Point><coordinates>101.69016859999999,14.394568</coordinates></Point></Placemark>
<Placemark>
<name>50 ม.12</name><ExtendedData>
  <Data name="address"><value></value></Data></ExtendedData>
  <Point><coordinates>101.6858888,14.4006996</coordinates></Point></Placemark>
<Placemark>
<name>38 ม.19</name><ExtendedData>
  <Data name="address"><value></value></Data></ExtendedData>
  <Point><coordinates>101.6700242,14.4579276</coordinates></Point></Placemark>
<Placemark>
<name>98 ม.21</name><ExtendedData>
  <Data name="address"><value></value></Data></ExtendedData>
  <Point><coordinates>101.67903009999999,14.433318499999999</coordinates></Point></Placemark>
<Placemark>
<name>214 ม.5</name><ExtendedData>
  <Data name="address"><value></value></Data></ExtendedData>
  <Point><coordinates>101.6866261,14.4107978</coordinates></Point></Placemark>
<Placemark>
<name>327 ม.12</name><ExtendedData>
  <Data name="address"><value></value></Data></ExtendedData>
  <Point><coordinates>101.6990501,14.390461499999999</coordinates></Point></Placemark>
<Placemark>
<name>51 ม.12</name><ExtendedData>
  <Data name="address"><value></value></Data></ExtendedData>
  <Point><coordinates>101.69170419999999,14.3932132</coordinates></Point></Placemark>
<Placemark>
<name>175 ม.5</name><ExtendedData>
  <Data name="address"><value></value></Data></ExtendedData>
  <Point><coordinates>101.6844649,14.4099243</coordinates></Point></Placemark>
<Placemark>
<name>1 ม.19</name><ExtendedData>
  <Data name="address"><value></value></Data></ExtendedData>
  <Point><coordinates>101.65629,14.4472396</coordinates></Point></Placemark>
<Placemark>
<name>99 ม.16 </name><ExtendedData>
  <Data name="address"><value>ไทย</value></Data></ExtendedData>
  <Point><coordinates>0,0</coordinates></Point></Placemark>
<Placemark>
<name>148 ม.12</name><ExtendedData>
  <Data name="address"><value></value></Data></ExtendedData>
  <Point><coordinates>101.70189049999999,14.3866193</coordinates></Point></Placemark>
<Placemark>
<name>98 ม.16</name><ExtendedData>
  <Data name="address"><value></value></Data></ExtendedData>
  <Point><coordinates>101.733029,14.3647341</coordinates></Point></Placemark>
<Placemark>
<name>25 ม.5</name><ExtendedData>
  <Data name="address"><value></value></Data></ExtendedData>
  <Point><coordinates>101.68621669999999,14.4024463</coordinates></Point></Placemark>
<Placemark>
<name>27 ม.12</name><ExtendedData>
  <Data name="address"><value></value></Data></ExtendedData>
  <Point><coordinates>101.7068848,14.4014455</coordinates></Point></Placemark>
<Placemark>
<name>57 ม.16</name><ExtendedData>
  <Data name="address"><value></value></Data></ExtendedData>
  <Point><coordinates>101.7244925,14.3631903</coordinates></Point></Placemark>
<Placemark>
<name>191 ม.2</name><ExtendedData>
  <Data name="address"><value></value></Data></ExtendedData>
  <Point><coordinates>101.6738343,14.444575599999999</coordinates></Point></Placemark>
<Placemark>
<name>78 ม.16</name><ExtendedData>
  <Data name="address"><value></value></Data></ExtendedData>
  <Point><coordinates>101.72470539999999,14.3621942</coordinates></Point></Placemark>
<Placemark>
<name>198 ม.12</name><ExtendedData>
  <Data name="address"><value></value></Data></ExtendedData>
  <Point><coordinates>101.7059943,14.3858398</coordinates></Point></Placemark>
<Placemark>
<name>40 ม.12</name><ExtendedData>
  <Data name="address"><value></value></Data></ExtendedData>
  <Point><coordinates>101.69646709999999,14.389458</coordinates></Point></Placemark>
<Placemark>
<name>100 ม.7</name><ExtendedData>
  <Data name="address"><value></value></Data></ExtendedData>
  <Point><coordinates>101.64270259999999,14.4575134</coordinates></Point></Placemark>
<Placemark>
<name>302 ม.10</name><ExtendedData>
  <Data name="address"><value></value></Data></ExtendedData>
  <Point><coordinates>101.73058549999999,14.381363599999998</coordinates></Point></Placemark>
<Placemark>
<name>9 ม.22</name><ExtendedData>
  <Data name="address"><value></value></Data></ExtendedData>
  <Point><coordinates>101.71812899999999,14.3703565</coordinates></Point></Placemark>
<Placemark>
<name>121 ม.16</name><ExtendedData>
  <Data name="address"><value></value></Data></ExtendedData>
  <Point><coordinates>101.72417829999999,14.3635298</coordinates></Point></Placemark>
<Placemark>
<name>56 ม.12</name><ExtendedData>
  <Data name="address"><value></value></Data></ExtendedData>
  <Point><coordinates>101.688634,14.394268299999998</coordinates></Point></Placemark>
<Placemark>
<name>119 ม.12</name><ExtendedData>
  <Data name="address"><value></value></Data></ExtendedData>
  <Point><coordinates>101.6916066,14.385205299999999</coordinates></Point></Placemark>
<Placemark>
<name>63 ม.16</name><ExtendedData>
  <Data name="address"><value></value></Data></ExtendedData>
  <Point><coordinates>101.72703419999999,14.364399899999999</coordinates></Point></Placemark>
<Placemark>
<name>82 ม.12</name><ExtendedData>
  <Data name="address"><value></value></Data></ExtendedData>
  <Point><coordinates>101.7050465,14.386035</coordinates></Point></Placemark>
<Placemark>
<name>227 ม.12</name><ExtendedData>
  <Data name="address"><value></value></Data></ExtendedData>
  <Point><coordinates>101.71872739999999,14.396632799999999</coordinates></Point></Placemark>
<Placemark>
<name>41 ม.16</name><ExtendedData>
  <Data name="address"><value></value></Data></ExtendedData>
  <Point><coordinates>101.7326018,14.3631865</coordinates></Point></Placemark>
<Placemark>
<name>51 ม.19</name><ExtendedData>
  <Data name="address"><value></value></Data></ExtendedData>
  <Point><coordinates>101.66128289999999,14.459016799999999</coordinates></Point></Placemark>
<Placemark>
<name>21 ม.12 ที่ทำการผู้ใหญ่บ้าน สันกำแพง</name><ExtendedData>
  <Data name="address"><value>ที่ทำการผู้ใหญ่บ้าน บ้านสันกำแพง เลขที่ 21 หมู่ที่ 12 บ้านสันกำแพง อำเภอวังน้ำเขียว นครราชสีมา 30370 ไทย</value></Data></ExtendedData>
  <Point><coordinates>101.693101,14.3920826</coordinates></Point></Placemark>
<Placemark>
<name>120 ม.12</name><ExtendedData>
  <Data name="address"><value></value></Data></ExtendedData>
  <Point><coordinates>101.7098946,14.402946799999999</coordinates></Point></Placemark>
<Placemark>
<name>31 ม.12</name><ExtendedData>
  <Data name="address"><value></value></Data></ExtendedData>
  <Point><coordinates>101.70145769999999,14.386073699999999</coordinates></Point></Placemark>
<Placemark>
<name>295 ม.5</name><ExtendedData>
  <Data name="address"><value></value></Data></ExtendedData>
  <Point><coordinates>101.6823107,14.4073719</coordinates></Point></Placemark>
<Placemark>
<name>279 ม.10</name><ExtendedData>
  <Data name="address"><value></value></Data></ExtendedData>
  <Point><coordinates>101.70910839999999,14.3821213</coordinates></Point></Placemark>
<Placemark>
<name>110 ม.5</name><ExtendedData>
  <Data name="address"><value></value></Data></ExtendedData>
  <Point><coordinates>101.68685269999999,14.4075408</coordinates></Point></Placemark>
<Placemark>
<name>159 ม.16</name><ExtendedData>
  <Data name="address"><value></value></Data></ExtendedData>
  <Point><coordinates>101.72399159999999,14.3616791</coordinates></Point></Placemark>
<Placemark>
<name>305 ม.10</name><ExtendedData>
  <Data name="address"><value></value></Data></ExtendedData>
  <Point><coordinates>101.73040309999999,14.381459999999999</coordinates></Point></Placemark>
<Placemark>
<name>193 ม.10</name><ExtendedData>
  <Data name="address"><value></value></Data></ExtendedData>
  <Point><coordinates>101.7087912,14.3822593</coordinates></Point></Placemark>
<Placemark>
<name>146 ม.5</name><ExtendedData>
  <Data name="address"><value></value></Data></ExtendedData>
  <Point><coordinates>101.6874126,14.410196099999999</coordinates></Point></Placemark>
<Placemark>
<name>63 ม.12</name><ExtendedData>
  <Data name="address"><value></value></Data></ExtendedData>
  <Point><coordinates>101.7082993,14.4060139</coordinates></Point></Placemark>
<Placemark>
<name>133 ม.22</name><ExtendedData>
  <Data name="address"><value></value></Data></ExtendedData>
  <Point><coordinates>101.7187422,14.3708496</coordinates></Point></Placemark>
<Placemark>
<name>297 ม.10</name><ExtendedData>
  <Data name="address"><value></value></Data></ExtendedData>
  <Point><coordinates>101.7205077,14.3740165</coordinates></Point></Placemark>
<Placemark>
<name>102 ม.12</name><ExtendedData>
  <Data name="address"><value></value></Data></ExtendedData>
  <Point><coordinates>101.686088,14.393119899999999</coordinates></Point></Placemark>
<Placemark>
<name>91 ม.16</name><ExtendedData>
  <Data name="address"><value></value></Data></ExtendedData>
  <Point><coordinates>101.7290781,14.3633141</coordinates></Point></Placemark>
<Placemark>
<name>193/1 ม.2</name><ExtendedData>
  <Data name="address"><value></value></Data></ExtendedData>
  <Point><coordinates>101.6745454,14.441516199999999</coordinates></Point></Placemark>
<Placemark>
<name>121 ม.2</name><ExtendedData>
  <Data name="address"><value></value></Data></ExtendedData>
  <Point><coordinates>101.672286,14.445775999999999</coordinates></Point></Placemark>
<Placemark>
<name>332 ม.5</name><ExtendedData>
  <Data name="address"><value></value></Data></ExtendedData>
  <Point><coordinates>101.6877154,14.4073278</coordinates></Point></Placemark>
<Placemark>
<name>92 ม.19</name><ExtendedData>
  <Data name="address"><value></value></Data></ExtendedData>
  <Point><coordinates>101.6619534,14.4591415</coordinates></Point></Placemark>
<Placemark>
<name>132 ม.2</name><ExtendedData>
  <Data name="address"><value></value></Data></ExtendedData>
  <Point><coordinates>101.6799279,14.4405171</coordinates></Point></Placemark>
<Placemark>
<name>47 ม.5</name><ExtendedData>
  <Data name="address"><value></value></Data></ExtendedData>
  <Point><coordinates>101.6830152,14.4074473</coordinates></Point></Placemark>
<Placemark>
<name>118 ม.19</name><ExtendedData>
  <Data name="address"><value></value></Data></ExtendedData>
  <Point><coordinates>101.6611545,14.4589532</coordinates></Point></Placemark>
<Placemark>
<name>216 ม.10</name><ExtendedData>
  <Data name="address"><value></value></Data></ExtendedData>
  <Point><coordinates>101.7254514,14.373793399999998</coordinates></Point></Placemark>
<Placemark>
<name>143 ม.10</name><ExtendedData>
  <Data name="address"><value></value></Data></ExtendedData>
  <Point><coordinates>101.70826009999999,14.382061799999999</coordinates></Point></Placemark>
<Placemark>
<name>210/1 ม.12</name><ExtendedData>
  <Data name="address"><value></value></Data></ExtendedData>
  <Point><coordinates>101.6890981,14.393987</coordinates></Point></Placemark>
<Placemark>
<name>257 ม.5</name><ExtendedData>
  <Data name="address"><value></value></Data></ExtendedData>
  <Point><coordinates>101.68364849999999,14.4077252</coordinates></Point></Placemark>
<Placemark>
<name>38 ม.12</name><ExtendedData>
  <Data name="address"><value></value></Data></ExtendedData>
  <Point><coordinates>101.7114392,14.402552499999999</coordinates></Point></Placemark>
<Placemark>
<name>60 ม.10</name><ExtendedData>
  <Data name="address"><value></value></Data></ExtendedData>
  <Point><coordinates>101.7286221,14.3836815</coordinates></Point></Placemark>
<Placemark>
<name>37 ม.12</name><ExtendedData>
  <Data name="address"><value></value></Data></ExtendedData>
  <Point><coordinates>101.6882059,14.393379399999999</coordinates></Point></Placemark>
<Placemark>
<name>83 ม.16</name><ExtendedData>
  <Data name="address"><value></value></Data></ExtendedData>
  <Point><coordinates>101.7328697,14.363126699999999</coordinates></Point></Placemark>
<Placemark>
<name>73 ม.16</name><ExtendedData>
  <Data name="address"><value></value></Data></ExtendedData>
  <Point><coordinates>101.72441239999999,14.3662587</coordinates></Point></Placemark>
<Placemark>
<name>250 ม.1</name><ExtendedData>
  <Data name="address"><value></value></Data></ExtendedData>
  <Point><coordinates>101.65848,14.4604021</coordinates></Point></Placemark>
<Placemark>
<name>79 ม.1</name><ExtendedData>
  <Data name="address"><value></value></Data></ExtendedData>
  <Point><coordinates>101.656864,14.4636503</coordinates></Point></Placemark>
<Placemark>
<name>ภูภาวนา ม.16</name><ExtendedData>
  <Data name="address"><value></value></Data></ExtendedData>
  <Point><coordinates>101.720271,14.3573287</coordinates></Point></Placemark>
<Placemark>
<name>99/1 ม.22</name><ExtendedData>
  <Data name="address"><value></value></Data></ExtendedData>
  <Point><coordinates>101.71950389999999,14.3709986</coordinates></Point></Placemark>
<Placemark>
<name>2 ม.22</name><ExtendedData>
  <Data name="address"><value></value></Data></ExtendedData>
  <Point><coordinates>101.7150977,14.3698333</coordinates></Point></Placemark>
<Placemark>
<name>340 ม.5 ฝากได้</name><ExtendedData>
  <Data name="address"><value></value></Data></ExtendedData>
  <Point><coordinates>101.6821538,14.407811899999999</coordinates></Point></Placemark>
<Placemark>
<name>23 ม.5</name><ExtendedData>
  <Data name="address"><value></value></Data></ExtendedData>
  <Point><coordinates>101.69586629999999,14.4078775</coordinates></Point></Placemark>
<Placemark>
<name>48 ม.1</name><ExtendedData>
  <Data name="address"><value></value></Data></ExtendedData>
  <Point><coordinates>101.6605587,14.463352899999999</coordinates></Point></Placemark>
<Placemark>
<name>127 ม.22</name><ExtendedData>
  <Data name="address"><value></value></Data></ExtendedData>
  <Point><coordinates>101.71884879999999,14.3702244</coordinates></Point></Placemark>
<Placemark>
<name>70 ม.12</name><ExtendedData>
  <Data name="address"><value></value></Data></ExtendedData>
  <Point><coordinates>101.6986819,14.389268999999999</coordinates></Point></Placemark>
<Placemark>
<name>167 ม.10</name><ExtendedData>
  <Data name="address"><value></value></Data></ExtendedData>
  <Point><coordinates>101.72343869999999,14.372320499999999</coordinates></Point></Placemark>
<Placemark>
<name>102 ม.22</name><ExtendedData>
  <Data name="address"><value></value></Data></ExtendedData>
  <Point><coordinates>101.7178876,14.3705059</coordinates></Point></Placemark>
<Placemark>
<name>328 ม.2</name><ExtendedData>
  <Data name="address"><value></value></Data></ExtendedData>
  <Point><coordinates>101.6736428,14.446230799999999</coordinates></Point></Placemark>
<Placemark>
<name>40 ม.22</name><ExtendedData>
  <Data name="address"><value></value></Data></ExtendedData>
  <Point><coordinates>101.71940029999999,14.3712799</coordinates></Point></Placemark>
<Placemark>
<name>44 ม.8</name><ExtendedData>
  <Data name="address"><value></value></Data></ExtendedData>
  <Point><coordinates>101.6519277,14.464170699999999</coordinates></Point></Placemark>
<Placemark>
<name>24 ม.5</name><ExtendedData>
  <Data name="address"><value></value></Data></ExtendedData>
  <Point><coordinates>101.68562899999999,14.406913399999999</coordinates></Point></Placemark>
<Placemark>
<name>1 ม.2</name><ExtendedData>
  <Data name="address"><value></value></Data></ExtendedData>
  <Point><coordinates>101.67473319999999,14.4428</coordinates></Point></Placemark>
<Placemark>
<name>57 ม.10</name><ExtendedData>
  <Data name="address"><value></value></Data></ExtendedData>
  <Point><coordinates>101.7185172,14.375934299999999</coordinates></Point></Placemark>
<Placemark>
<name>334 ม.5</name><ExtendedData>
  <Data name="address"><value></value></Data></ExtendedData>
  <Point><coordinates>101.6844823,14.409632</coordinates></Point></Placemark>
<Placemark>
<name>82 ม.19</name><ExtendedData>
  <Data name="address"><value></value></Data></ExtendedData>
  <Point><coordinates>101.6545546,14.448523699999999</coordinates></Point></Placemark>
<Placemark>
<name>145 ม.12</name><ExtendedData>
  <Data name="address"><value></value></Data></ExtendedData>
  <Point><coordinates>101.6879072,14.3942816</coordinates></Point></Placemark>
<Placemark>
<name>21 ม.5</name><ExtendedData>
  <Data name="address"><value></value></Data></ExtendedData>
  <Point><coordinates>101.6908606,14.407268</coordinates></Point></Placemark>
<Placemark>
<name>70 ม.5</name><ExtendedData>
  <Data name="address"><value></value></Data></ExtendedData>
  <Point><coordinates>101.6847294,14.4095791</coordinates></Point></Placemark>
<Placemark>
<name>101 ม.16</name><ExtendedData>
  <Data name="address"><value></value></Data></ExtendedData>
  <Point><coordinates>101.73317109999999,14.3643109</coordinates></Point></Placemark>
<Placemark>
<name>99 ม.12</name><ExtendedData>
  <Data name="address"><value></value></Data></ExtendedData>
  <Point><coordinates>101.69772739999999,14.388736999999999</coordinates></Point></Placemark>
<Placemark>
<name>2 ม.16</name><ExtendedData>
  <Data name="address"><value></value></Data></ExtendedData>
  <Point><coordinates>101.7244707,14.3630312</coordinates></Point></Placemark>
<Placemark>
<name>101/1 ม.2</name><ExtendedData>
  <Data name="address"><value></value></Data></ExtendedData>
  <Point><coordinates>101.6713422,14.447020499999999</coordinates></Point></Placemark>
<Placemark>
<name>147 ม.10</name><ExtendedData>
  <Data name="address"><value></value></Data></ExtendedData>
  <Point><coordinates>101.729119,14.385615099999999</coordinates></Point></Placemark>
<Placemark>
<name>13 ม.1 โรงสี</name><ExtendedData>
  <Data name="address"><value></value></Data></ExtendedData>
  <Point><coordinates>101.6595042,14.467049699999999</coordinates></Point></Placemark>
<Placemark>
<name>288 ม.16</name><ExtendedData>
  <Data name="address"><value></value></Data></ExtendedData>
  <Point><coordinates>101.72493709999999,14.3668917</coordinates></Point></Placemark>
<Placemark>
<name>119/1 ม.10</name><ExtendedData>
  <Data name="address"><value></value></Data></ExtendedData>
  <Point><coordinates>101.7277567,14.3818524</coordinates></Point></Placemark>
<Placemark>
<name>247/1 ม.5</name><ExtendedData>
  <Data name="address"><value></value></Data></ExtendedData>
  <Point><coordinates>101.68407599999999,14.407301799999999</coordinates></Point></Placemark>
<Placemark>
<name>290 ม.10</name><ExtendedData>
  <Data name="address"><value></value></Data></ExtendedData>
  <Point><coordinates>101.7281483,14.3826334</coordinates></Point></Placemark>
<Placemark>
<name>72 ม.5</name><ExtendedData>
  <Data name="address"><value></value></Data></ExtendedData>
  <Point><coordinates>101.68671789999999,14.4101743</coordinates></Point></Placemark>
<Placemark>
<name>109 ม.16</name><ExtendedData>
  <Data name="address"><value></value></Data></ExtendedData>
  <Point><coordinates>101.7147487,14.389358999999999</coordinates></Point></Placemark>
<Placemark>
<name>132 ม.19</name><ExtendedData>
  <Data name="address"><value></value></Data></ExtendedData>
  <Point><coordinates>101.6628144,14.4601703</coordinates></Point></Placemark>
<Placemark>
<name>16 ม.5 ฝากได้</name><ExtendedData>
  <Data name="address"><value></value></Data></ExtendedData>
  <Point><coordinates>101.6821186,14.407861599999999</coordinates></Point></Placemark>
<Placemark>
<name>70/1 ม.5</name><ExtendedData>
  <Data name="address"><value></value></Data></ExtendedData>
  <Point><coordinates>101.6834299,14.407181999999999</coordinates></Point></Placemark>
<Placemark>
<name>238 ม.16</name><ExtendedData>
  <Data name="address"><value></value></Data></ExtendedData>
  <Point><coordinates>101.7346859,14.3636035</coordinates></Point></Placemark>
<Placemark>
<name>238 ม.10</name><ExtendedData>
  <Data name="address"><value></value></Data></ExtendedData>
  <Point><coordinates>101.7189755,14.373375099999999</coordinates></Point></Placemark>
<Placemark>
<name>51 ม.1</name><ExtendedData>
  <Data name="address"><value></value></Data></ExtendedData>
  <Point><coordinates>101.65994579999999,14.463044499999999</coordinates></Point></Placemark>
<Placemark>
<name>107 ม.22</name><ExtendedData>
  <Data name="address"><value></value></Data></ExtendedData>
  <Point><coordinates>101.71825369999999,14.3706956</coordinates></Point></Placemark>
<Placemark>
<name>30 ม.10</name><ExtendedData>
  <Data name="address"><value></value></Data></ExtendedData>
  <Point><coordinates>101.7285477,14.3827208</coordinates></Point></Placemark>
<Placemark>
<name>330 ม.5</name><ExtendedData>
  <Data name="address"><value></value></Data></ExtendedData>
  <Point><coordinates>101.6859083,14.4101263</coordinates></Point></Placemark>
<Placemark>
<name>157 ม.5</name><ExtendedData>
  <Data name="address"><value></value></Data></ExtendedData>
  <Point><coordinates>101.68770099999999,14.407407599999999</coordinates></Point></Placemark>
<Placemark>
<name>108 ม.1</name><ExtendedData>
  <Data name="address"><value></value></Data></ExtendedData>
  <Point><coordinates>101.6612849,14.4646165</coordinates></Point></Placemark>
<Placemark>
<name>147 ม.2</name><ExtendedData>
  <Data name="address"><value></value></Data></ExtendedData>
  <Point><coordinates>101.67608399999999,14.442822999999999</coordinates></Point></Placemark>
<Placemark>
<name>362 ม.12</name><ExtendedData>
  <Data name="address"><value></value></Data></ExtendedData>
  <Point><coordinates>101.6849799,14.394174399999999</coordinates></Point></Placemark>
<Placemark>
<name>135 ม.5</name><ExtendedData>
  <Data name="address"><value></value></Data></ExtendedData>
  <Point><coordinates>101.6811037,14.4077519</coordinates></Point></Placemark>
<Placemark>
<name>73 ม.7</name><ExtendedData>
  <Data name="address"><value></value></Data></ExtendedData>
  <Point><coordinates>101.6562732,14.463047099999999</coordinates></Point></Placemark>
<Placemark>
<name>233 ม.2</name><ExtendedData>
  <Data name="address"><value></value></Data></ExtendedData>
  <Point><coordinates>101.67259709999999,14.4451477</coordinates></Point></Placemark>
<Placemark>
<name>35 ม.12</name><ExtendedData>
  <Data name="address"><value></value></Data></ExtendedData>
  <Point><coordinates>101.69731329999999,14.3892502</coordinates></Point></Placemark>
<Placemark>
<name>53 ม.10</name><ExtendedData>
  <Data name="address"><value></value></Data></ExtendedData>
  <Point><coordinates>101.72836489999999,14.382738699999999</coordinates></Point></Placemark>
<Placemark>
<name>21 ม.22</name><ExtendedData>
  <Data name="address"><value></value></Data></ExtendedData>
  <Point><coordinates>101.7123773,14.3672343</coordinates></Point></Placemark>
<Placemark>
<name>126 ม.22</name><ExtendedData>
  <Data name="address"><value></value></Data></ExtendedData>
  <Point><coordinates>101.7180659,14.3706771</coordinates></Point></Placemark>
<Placemark>
<name>209 ม.2</name><ExtendedData>
  <Data name="address"><value></value></Data></ExtendedData>
  <Point><coordinates>101.68486349999999,14.433484</coordinates></Point></Placemark>
<Placemark>
<name>23 ม.16</name><ExtendedData>
  <Data name="address"><value></value></Data></ExtendedData>
  <Point><coordinates>101.724053,14.361742399999999</coordinates></Point></Placemark>
<Placemark>
<name>230 ม.12</name><ExtendedData>
  <Data name="address"><value></value></Data></ExtendedData>
  <Point><coordinates>101.7045248,14.399220699999999</coordinates></Point></Placemark>
<Placemark>
<name>170 ม.10</name><ExtendedData>
  <Data name="address"><value>9P8G+GH5 Pasit’s Terrace, Near Wat Ratanawan Monestry,, Wang Mi, Wang Nam Khiao District, Nakhon Ratchasima, ไทย</value></Data></ExtendedData>
  <Point><coordinates>101.7264866,14.3662573</coordinates></Point></Placemark>
<Placemark>
<name>1/1 ม.1ฝากได้</name><ExtendedData>
  <Data name="address"><value></value></Data></ExtendedData>
  <Point><coordinates>101.6606626,14.463862899999999</coordinates></Point></Placemark>
<Placemark>
<name>288 ม.12</name><ExtendedData>
  <Data name="address"><value></value></Data></ExtendedData>
  <Point><coordinates>101.68806169999999,14.3929881</coordinates></Point></Placemark>
<Placemark>
<name>189 ม.22</name><ExtendedData>
  <Data name="address"><value></value></Data></ExtendedData>
  <Point><coordinates>101.7206516,14.369554299999999</coordinates></Point></Placemark>
<Placemark>
<name>455 ม.2</name><ExtendedData>
  <Data name="address"><value></value></Data></ExtendedData>
  <Point><coordinates>101.6714196,14.4477503</coordinates></Point></Placemark>
<Placemark>
<name>120 ม.1</name><ExtendedData>
  <Data name="address"><value></value></Data></ExtendedData>
  <Point><coordinates>101.6560804,14.4622949</coordinates></Point></Placemark>
<Placemark>
<name>70 ม.16</name><ExtendedData>
  <Data name="address"><value></value></Data></ExtendedData>
  <Point><coordinates>101.7335272,14.3626866</coordinates></Point></Placemark>
<Placemark>
<name>86/7 ม.19</name><ExtendedData>
  <Data name="address"><value></value></Data></ExtendedData>
  <Point><coordinates>101.66208519999999,14.4585669</coordinates></Point></Placemark>
<Placemark>
<name>64 ม.12</name><ExtendedData>
  <Data name="address"><value></value></Data></ExtendedData>
  <Point><coordinates>101.70108789999999,14.386541699999999</coordinates></Point></Placemark>
<Placemark>
<name>9809 ม.22</name><ExtendedData>
  <Data name="address"><value></value></Data></ExtendedData>
  <Point><coordinates>101.718144,14.372098399999999</coordinates></Point></Placemark>
<Placemark>
<name>65 ม.19</name><ExtendedData>
  <Data name="address"><value></value></Data></ExtendedData>
  <Point><coordinates>101.6542884,14.446429499999999</coordinates></Point></Placemark>
<Placemark>
<name>196 ม.2</name><ExtendedData>
  <Data name="address"><value></value></Data></ExtendedData>
  <Point><coordinates>101.6745669,14.4427214</coordinates></Point></Placemark>
<Placemark>
<name>33 ม.12</name><ExtendedData>
  <Data name="address"><value></value></Data></ExtendedData>
  <Point><coordinates>101.6904824,14.3941644</coordinates></Point></Placemark>
<Placemark>
<name>7 ม.5</name><ExtendedData>
  <Data name="address"><value></value></Data></ExtendedData>
  <Point><coordinates>101.68477469999999,14.4073161</coordinates></Point></Placemark>
<Placemark>
<name>32 ม.2</name><ExtendedData>
  <Data name="address"><value>ร้านอาหารจ๊ะเอ๋ 169 หมู่ 2 ตำบล วังหมี อำเภอวังน้ำเขียว นครราชสีมา 30370 ไทย</value></Data></ExtendedData>
  <Point><coordinates>101.6725324,14.445958399999999</coordinates></Point></Placemark>
<Placemark>
<name>136 ม.22</name><ExtendedData>
  <Data name="address"><value></value></Data></ExtendedData>
  <Point><coordinates>101.7186339,14.3708505</coordinates></Point></Placemark>
<Placemark>
<name>28 ม.2</name><ExtendedData>
  <Data name="address"><value></value></Data></ExtendedData>
  <Point><coordinates>101.6761252,14.443405199999999</coordinates></Point></Placemark>
<Placemark>
<name>81 ม.1</name><ExtendedData>
  <Data name="address"><value></value></Data></ExtendedData>
  <Point><coordinates>101.6607404,14.4643067</coordinates></Point></Placemark>
<Placemark>
<name>13 ม.21</name><ExtendedData>
  <Data name="address"><value></value></Data></ExtendedData>
  <Point><coordinates>101.6685423,14.4220136</coordinates></Point></Placemark>
<Placemark>
<name>ครัวป้าญา</name><ExtendedData>
  <Data name="address"><value></value></Data></ExtendedData>
  <Point><coordinates>101.7135072,14.3784783</coordinates></Point></Placemark>
<Placemark>
<name>147 ม.12</name><ExtendedData>
  <Data name="address"><value></value></Data></ExtendedData>
  <Point><coordinates>101.7055481,14.4038018</coordinates></Point></Placemark>
<Placemark>
<name>114 ม.8</name><ExtendedData>
  <Data name="address"><value></value></Data></ExtendedData>
  <Point><coordinates>101.6508722,14.467322399999999</coordinates></Point></Placemark>
<Placemark>
<name>239 ม.1</name><ExtendedData>
  <Data name="address"><value></value></Data></ExtendedData>
  <Point><coordinates>101.6569263,14.4613894</coordinates></Point></Placemark>
<Placemark>
<name>97 ม.1</name><ExtendedData>
  <Data name="address"><value></value></Data></ExtendedData>
  <Point><coordinates>101.6609349,14.464289899999999</coordinates></Point></Placemark>
<Placemark>
<name>126 ม.2</name><ExtendedData>
  <Data name="address"><value></value></Data></ExtendedData>
  <Point><coordinates>101.6780192,14.4437568</coordinates></Point></Placemark>
<Placemark>
<name>269 ม.12</name><ExtendedData>
  <Data name="address"><value></value></Data></ExtendedData>
  <Point><coordinates>101.6941805,14.3812567</coordinates></Point></Placemark>
<Placemark>
<name>54 ม.1</name><ExtendedData>
  <Data name="address"><value></value></Data></ExtendedData>
  <Point><coordinates>101.66022009999999,14.466861999999999</coordinates></Point></Placemark>
<Placemark>
<name>36 ม.7</name><ExtendedData>
  <Data name="address"><value></value></Data></ExtendedData>
  <Point><coordinates>101.6497866,14.4669341</coordinates></Point></Placemark>
<Placemark>
<name>309 ม.1</name><ExtendedData>
  <Data name="address"><value></value></Data></ExtendedData>
  <Point><coordinates>101.6594241,14.4627906</coordinates></Point></Placemark>
<Placemark>
<name>231 ม.2</name><ExtendedData>
  <Data name="address"><value></value></Data></ExtendedData>
  <Point><coordinates>101.6774258,14.444534099999998</coordinates></Point></Placemark>
<Placemark>
<name>12 ม.16</name><ExtendedData>
  <Data name="address"><value></value></Data></ExtendedData>
  <Point><coordinates>101.7229653,14.3619389</coordinates></Point></Placemark>
<Placemark>
<name>53 ม.1</name><ExtendedData>
  <Data name="address"><value></value></Data></ExtendedData>
  <Point><coordinates>101.6574423,14.4597921</coordinates></Point></Placemark>
<Placemark>
<name>60 ม.7</name><ExtendedData>
  <Data name="address"><value></value></Data></ExtendedData>
  <Point><coordinates>101.6561401,14.4621585</coordinates></Point></Placemark>
<Placemark>
<name>166 ม.22</name><ExtendedData>
  <Data name="address"><value></value></Data></ExtendedData>
  <Point><coordinates>101.7196759,14.3709662</coordinates></Point></Placemark>
<Placemark>
<name>304 ม.5</name><ExtendedData>
  <Data name="address"><value></value></Data></ExtendedData>
  <Point><coordinates>101.68750519999999,14.4101971</coordinates></Point></Placemark>
<Placemark>
<name>135 ม.1</name><ExtendedData>
  <Data name="address"><value></value></Data></ExtendedData>
  <Point><coordinates>101.6596702,14.4665582</coordinates></Point></Placemark>
<Placemark>
<name>243 ม.1</name><ExtendedData>
  <Data name="address"><value></value></Data></ExtendedData>
  <Point><coordinates>101.6577779,14.4608995</coordinates></Point></Placemark>
<Placemark>
<name>207 ม.5</name><ExtendedData>
  <Data name="address"><value></value></Data></ExtendedData>
  <Point><coordinates>101.6874371,14.407340099999999</coordinates></Point></Placemark>
<Placemark>
<name>40 ม.1</name><ExtendedData>
  <Data name="address"><value></value></Data></ExtendedData>
  <Point><coordinates>101.66039839999999,14.4644921</coordinates></Point></Placemark>
<Placemark>
<name>27 ม.21</name><ExtendedData>
  <Data name="address"><value></value></Data></ExtendedData>
  <Point><coordinates>101.68508949999999,14.4137343</coordinates></Point></Placemark>
<Placemark>
<name>432 ม.2</name><ExtendedData>
  <Data name="address"><value></value></Data></ExtendedData>
  <Point><coordinates>101.6769178,14.4430912</coordinates></Point></Placemark>
<Placemark>
<name>11 ม.22</name><ExtendedData>
  <Data name="address"><value></value></Data></ExtendedData>
  <Point><coordinates>101.71980669999999,14.370988599999999</coordinates></Point></Placemark>
<Placemark>
<name>1 ม.16</name><ExtendedData>
  <Data name="address"><value></value></Data></ExtendedData>
  <Point><coordinates>101.7241301,14.3630721</coordinates></Point></Placemark>
<Placemark>
<name>234 ม.5</name><ExtendedData>
  <Data name="address"><value></value></Data></ExtendedData>
  <Point><coordinates>101.68345199999999,14.4210719</coordinates></Point></Placemark>
<Placemark>
<name>54 ม.21</name><ExtendedData>
  <Data name="address"><value></value></Data></ExtendedData>
  <Point><coordinates>101.6695183,14.425346099999999</coordinates></Point></Placemark>
<Placemark>
<name>221 ม.2</name><ExtendedData>
  <Data name="address"><value></value></Data></ExtendedData>
  <Point><coordinates>101.6788735,14.4446581</coordinates></Point></Placemark>
<Placemark>
<name>62 ม.12</name><ExtendedData>
  <Data name="address"><value></value></Data></ExtendedData>
  <Point><coordinates>101.7042824,14.4027256</coordinates></Point></Placemark>
<Placemark>
<name>87 ม.12</name><ExtendedData>
  <Data name="address"><value></value></Data></ExtendedData>
  <Point><coordinates>101.697998,14.388604899999999</coordinates></Point></Placemark>
<Placemark>
<name>48 ม.19</name><ExtendedData>
  <Data name="address"><value></value></Data></ExtendedData>
  <Point><coordinates>101.6667318,14.461997199999999</coordinates></Point></Placemark>
<Placemark>
<name>174 ม.5</name><ExtendedData>
  <Data name="address"><value></value></Data></ExtendedData>
  <Point><coordinates>101.6857373,14.4097733</coordinates></Point></Placemark>
<Placemark>
<name>170 ม.22</name><ExtendedData>
  <Data name="address"><value></value></Data></ExtendedData>
  <Point><coordinates>101.7190141,14.3714702</coordinates></Point></Placemark>
<Placemark>
<name>4 ม.16</name><ExtendedData>
  <Data name="address"><value></value></Data></ExtendedData>
  <Point><coordinates>101.72435639999999,14.3627041</coordinates></Point></Placemark>
<Placemark>
<name>188 ม.22</name><ExtendedData>
  <Data name="address"><value></value></Data></ExtendedData>
  <Point><coordinates>101.71884639999999,14.369997999999999</coordinates></Point></Placemark>
<Placemark>
<name>79 ม.16</name><ExtendedData>
  <Data name="address"><value></value></Data></ExtendedData>
  <Point><coordinates>101.7237093,14.366951799999999</coordinates></Point></Placemark>
<Placemark>
<name>83 ม.22</name><ExtendedData>
  <Data name="address"><value></value></Data></ExtendedData>
  <Point><coordinates>101.7186205,14.370529</coordinates></Point></Placemark>
<Placemark>
<name>179 ม.5</name><ExtendedData>
  <Data name="address"><value></value></Data></ExtendedData>
  <Point><coordinates>101.6810672,14.407597899999999</coordinates></Point></Placemark>
<Placemark>
<name>40 ม.5</name><ExtendedData>
  <Data name="address"><value></value></Data></ExtendedData>
  <Point><coordinates>101.6826909,14.416974</coordinates></Point></Placemark>
<Placemark>
<name>44 ม.19</name><ExtendedData>
  <Data name="address"><value></value></Data></ExtendedData>
  <Point><coordinates>101.6610321,14.4593077</coordinates></Point></Placemark>
<Placemark>
<name>64 ม.10</name><ExtendedData>
  <Data name="address"><value></value></Data></ExtendedData>
  <Point><coordinates>101.7108914,14.3879722</coordinates></Point></Placemark>
<Placemark>
<name>7 ม.16</name><ExtendedData>
  <Data name="address"><value></value></Data></ExtendedData>
  <Point><coordinates>101.7238431,14.362169499999998</coordinates></Point></Placemark>
<Placemark>
<name>130 ม.1</name><ExtendedData>
  <Data name="address"><value></value></Data></ExtendedData>
  <Point><coordinates>101.6587911,14.4594087</coordinates></Point></Placemark>
<Placemark>
<name>193 ม.2</name><ExtendedData>
  <Data name="address"><value></value></Data></ExtendedData>
  <Point><coordinates>101.67460779999999,14.4415733</coordinates></Point></Placemark>
<Placemark>
<name>50 ม.8</name><ExtendedData>
  <Data name="address"><value></value></Data></ExtendedData>
  <Point><coordinates>101.6494973,14.4768742</coordinates></Point></Placemark>
<Placemark>
<name>72 ม.5</name><ExtendedData>
  <Data name="address"><value></value></Data></ExtendedData>
  <Point><coordinates>101.6868329,14.4102448</coordinates></Point></Placemark>
<Placemark>
<name>178/1 ม.5 ร้านข้าวขาหมูหน้า อบต </name><ExtendedData>
  <Data name="address"><value></value></Data></ExtendedData>
  <Point><coordinates>101.6827077,14.415515399999999</coordinates></Point></Placemark>
<Placemark>
<name>80 ม.19</name><ExtendedData>
  <Data name="address"><value></value></Data></ExtendedData>
  <Point><coordinates>101.6694224,14.4550278</coordinates></Point></Placemark>
<Placemark>
<name>90 ม.16</name><ExtendedData>
  <Data name="address"><value></value></Data></ExtendedData>
  <Point><coordinates>101.73538289999999,14.365281399999999</coordinates></Point></Placemark>
<Placemark>
<name>108 ม.12</name><ExtendedData>
  <Data name="address"><value></value></Data></ExtendedData>
  <Point><coordinates>101.6971511,14.389254099999999</coordinates></Point></Placemark>
<Placemark>
<name>84 ม.2</name><ExtendedData>
  <Data name="address"><value></value></Data></ExtendedData>
  <Point><coordinates>101.6745069,14.440442099999999</coordinates></Point></Placemark>
<Placemark>
<name>95 ม.10</name><ExtendedData>
  <Data name="address"><value></value></Data></ExtendedData>
  <Point><coordinates>101.7117121,14.3870525</coordinates></Point></Placemark>
<Placemark>
<name>331 ม.12</name><ExtendedData>
  <Data name="address"><value></value></Data></ExtendedData>
  <Point><coordinates>101.69026249999999,14.394271799999999</coordinates></Point></Placemark>
<Placemark>
<name>40 ม.16</name><ExtendedData>
  <Data name="address"><value></value></Data></ExtendedData>
  <Point><coordinates>101.73243819999999,14.363233899999999</coordinates></Point></Placemark>
<Placemark>
<name>118 ม.22</name><ExtendedData>
  <Data name="address"><value></value></Data></ExtendedData>
  <Point><coordinates>101.71830399999999,14.371172399999999</coordinates></Point></Placemark>
<Placemark>
<name>82 ม.2</name><ExtendedData>
  <Data name="address"><value></value></Data></ExtendedData>
  <Point><coordinates>101.67548079999999,14.443375999999999</coordinates></Point></Placemark>
<Placemark>
<name>312 ม.1</name><ExtendedData>
  <Data name="address"><value></value></Data></ExtendedData>
  <Point><coordinates>101.6570091,14.461710499999999</coordinates></Point></Placemark>
<Placemark>
<name>143 ม.22</name><ExtendedData>
  <Data name="address"><value></value></Data></ExtendedData>
  <Point><coordinates>101.71949649999999,14.370696599999999</coordinates></Point></Placemark>
<Placemark>
<name>287 ม.10</name><ExtendedData>
  <Data name="address"><value></value></Data></ExtendedData>
  <Point><coordinates>101.7280605,14.3834012</coordinates></Point></Placemark>
<Placemark>
<name>45 ม.19</name><ExtendedData>
  <Data name="address"><value></value></Data></ExtendedData>
  <Point><coordinates>101.66195409999999,14.459845999999999</coordinates></Point></Placemark>
<Placemark>
<name>44 ม.2</name><ExtendedData>
  <Data name="address"><value></value></Data></ExtendedData>
  <Point><coordinates>101.6576079,14.460633999999999</coordinates></Point></Placemark>
<Placemark>
<name>456 ม.12</name><ExtendedData>
  <Data name="address"><value></value></Data></ExtendedData>
  <Point><coordinates>101.7151712,14.397870099999999</coordinates></Point></Placemark>
<Placemark>
<name>53 ม.16</name><ExtendedData>
  <Data name="address"><value></value></Data></ExtendedData>
  <Point><coordinates>101.7313372,14.362976999999999</coordinates></Point></Placemark>
<Placemark>
<name>134 ม.12</name><ExtendedData>
  <Data name="address"><value></value></Data></ExtendedData>
  <Point><coordinates>101.7023505,14.386907299999999</coordinates></Point></Placemark>
<Placemark>
<name>164 ม.2</name><ExtendedData>
  <Data name="address"><value></value></Data></ExtendedData>
  <Point><coordinates>101.6778157,14.4443542</coordinates></Point></Placemark>
<Placemark>
<name>123 ม.7</name><ExtendedData>
  <Data name="address"><value></value></Data></ExtendedData>
  <Point><coordinates>101.64936379999999,14.4616365</coordinates></Point></Placemark>
<Placemark>
<name>2 ม.19</name><ExtendedData>
  <Data name="address"><value></value></Data></ExtendedData>
  <Point><coordinates>101.6549807,14.4477666</coordinates></Point></Placemark>
<Placemark>
<name>360 ม.12</name><ExtendedData>
  <Data name="address"><value></value></Data></ExtendedData>
  <Point><coordinates>101.6889167,14.392174899999999</coordinates></Point></Placemark>
<Placemark>
<name>919 ม.12</name><ExtendedData>
  <Data name="address"><value></value></Data></ExtendedData>
  <Point><coordinates>101.6884698,14.3942179</coordinates></Point></Placemark>
<Placemark>
<name>97 ม.21</name><ExtendedData>
  <Data name="address"><value></value></Data></ExtendedData>
  <Point><coordinates>101.67986049999999,14.4295484</coordinates></Point></Placemark>
<Placemark>
<name>123 ม.8</name><ExtendedData>
  <Data name="address"><value></value></Data></ExtendedData>
  <Point><coordinates>101.6559637,14.474273199999999</coordinates></Point></Placemark>
<Placemark>
<name>34 ม.10</name><ExtendedData>
  <Data name="address"><value></value></Data></ExtendedData>
  <Point><coordinates>101.72435809999999,14.3726515</coordinates></Point></Placemark>
<Placemark>
<name>61/1 ม.5</name><ExtendedData>
  <Data name="address"><value></value></Data></ExtendedData>
  <Point><coordinates>101.6887946,14.4107998</coordinates></Point></Placemark>
<Placemark>
<name>111 ม.10</name><ExtendedData>
  <Data name="address"><value></value></Data></ExtendedData>
  <Point><coordinates>101.7292903,14.3831592</coordinates></Point></Placemark>
<Placemark>
<name>109 ม.1</name><ExtendedData>
  <Data name="address"><value></value></Data></ExtendedData>
  <Point><coordinates>101.66157989999999,14.466131899999999</coordinates></Point></Placemark>
<Placemark>
<name>86 ม.7</name><ExtendedData>
  <Data name="address"><value></value></Data></ExtendedData>
  <Point><coordinates>101.662058,14.4586113</coordinates></Point></Placemark>
<Placemark>
<name>49 ม.10</name><ExtendedData>
  <Data name="address"><value></value></Data></ExtendedData>
  <Point><coordinates>101.7078051,14.3816942</coordinates></Point></Placemark>
<Placemark>
<name>3 ม.16</name><ExtendedData>
  <Data name="address"><value></value></Data></ExtendedData>
  <Point><coordinates>101.7244144,14.3628746</coordinates></Point></Placemark>
<Placemark>
<name>77 ม.5</name><ExtendedData>
  <Data name="address"><value></value></Data></ExtendedData>
  <Point><coordinates>101.6866941,14.410393899999999</coordinates></Point></Placemark>
<Placemark>
<name>282 ม.1</name><ExtendedData>
  <Data name="address"><value></value></Data></ExtendedData>
  <Point><coordinates>101.65888059999999,14.4634448</coordinates></Point></Placemark>
<Placemark>
<name>144 ม.10</name><ExtendedData>
  <Data name="address"><value></value></Data></ExtendedData>
  <Point><coordinates>101.70799459999999,14.3810135</coordinates></Point></Placemark>
<Placemark>
<name>49 ม.22</name><ExtendedData>
  <Data name="address"><value></value></Data></ExtendedData>
  <Point><coordinates>101.7153374,14.370316899999999</coordinates></Point></Placemark>
<Placemark>
<name>291 ม.2</name><ExtendedData>
  <Data name="address"><value></value></Data></ExtendedData>
  <Point><coordinates>101.6733153,14.4474532</coordinates></Point></Placemark>
<Placemark>
<name>137 ม.1</name><ExtendedData>
  <Data name="address"><value></value></Data></ExtendedData>
  <Point><coordinates>101.66029619999999,14.463704799999999</coordinates></Point></Placemark>
<Placemark>
<name>ทางเข้า</name><ExtendedData>
  <Data name="address"><value></value></Data></ExtendedData>
  <Point><coordinates>101.6835529,14.413334599999999</coordinates></Point></Placemark>
<Placemark>
<name>135 ม.7</name><ExtendedData>
  <Data name="address"><value></value></Data></ExtendedData>
  <Point><coordinates>101.65608209999999,14.462329599999999</coordinates></Point></Placemark>
<Placemark>
<name>199 ม.16</name><ExtendedData>
  <Data name="address"><value></value></Data></ExtendedData>
  <Point><coordinates>101.72371199999999,14.366802999999999</coordinates></Point></Placemark>
<Placemark>
<name>76 ม.16</name><ExtendedData>
  <Data name="address"><value></value></Data></ExtendedData>
  <Point><coordinates>101.72433219999999,14.366034899999999</coordinates></Point></Placemark>
<Placemark>
<name>167 ม.1</name><ExtendedData>
  <Data name="address"><value></value></Data></ExtendedData>
  <Point><coordinates>101.6588558,14.465867</coordinates></Point></Placemark>
<Placemark>
<name>128 ม.22</name><ExtendedData>
  <Data name="address"><value>9PC9+8C4 ร้านน้องจูน ตำบล วังหมี อำเภอวังน้ำเขียว นครราชสีมา 30370 ไทย</value></Data></ExtendedData>
  <Point><coordinates>101.7185672,14.370754699999999</coordinates></Point></Placemark>
<Placemark>
<name>3 ม.10</name><ExtendedData>
  <Data name="address"><value></value></Data></ExtendedData>
  <Point><coordinates>101.7284038,14.3846499</coordinates></Point></Placemark>
<Placemark>
<name>86/4 ม.19</name><ExtendedData>
  <Data name="address"><value></value></Data></ExtendedData>
  <Point><coordinates>101.66199999999999,14.4586662</coordinates></Point></Placemark>
<Placemark>
<name>87 ม.1</name><ExtendedData>
  <Data name="address"><value></value></Data></ExtendedData>
  <Point><coordinates>101.660786,14.463187999999999</coordinates></Point></Placemark>
<Placemark>
<name>75 ม.5</name><ExtendedData>
  <Data name="address"><value></value></Data></ExtendedData>
  <Point><coordinates>101.6861761,14.4049225</coordinates></Point></Placemark>
<Placemark>
<name>50 ม.5</name><ExtendedData>
  <Data name="address"><value></value></Data></ExtendedData>
  <Point><coordinates>101.68700059999999,14.410870899999999</coordinates></Point></Placemark>
<Placemark>
<name>139 ม.21</name><ExtendedData>
  <Data name="address"><value></value></Data></ExtendedData>
  <Point><coordinates>101.67867299999999,14.4325204</coordinates></Point></Placemark>
<Placemark>
<name>24 ม.21</name><ExtendedData>
  <Data name="address"><value></value></Data></ExtendedData>
  <Point><coordinates>101.6701818,14.4210674</coordinates></Point></Placemark>
<Placemark>
<name>164 ม.12</name><ExtendedData>
  <Data name="address"><value></value></Data></ExtendedData>
  <Point><coordinates>101.7005652,14.3870814</coordinates></Point></Placemark>
<Placemark>
<name>237 ม.12</name><ExtendedData>
  <Data name="address"><value></value></Data></ExtendedData>
  <Point><coordinates>101.69816159999999,14.3883704</coordinates></Point></Placemark>
<Placemark>
<name>198 ม.12</name><ExtendedData>
  <Data name="address"><value></value></Data></ExtendedData>
  <Point><coordinates>101.7062649,14.386263999999999</coordinates></Point></Placemark>
<Placemark>
<name>182 ม.1</name><ExtendedData>
  <Data name="address"><value></value></Data></ExtendedData>
  <Point><coordinates>101.6567738,14.4636737</coordinates></Point></Placemark>
<Placemark>
<name>252 ม.1</name><ExtendedData>
  <Data name="address"><value></value></Data></ExtendedData>
  <Point><coordinates>101.65943949999999,14.4665562</coordinates></Point></Placemark>
<Placemark>
<name>155 ม.12</name><ExtendedData>
  <Data name="address"><value></value></Data></ExtendedData>
  <Point><coordinates>101.69214199999999,14.3925854</coordinates></Point></Placemark>
<Placemark>
<name>221 ม.5</name><ExtendedData>
  <Data name="address"><value></value></Data></ExtendedData>
  <Point><coordinates>101.6856632,14.4066578</coordinates></Point></Placemark>
<Placemark>
<name>64 ม.12</name><ExtendedData>
  <Data name="address"><value></value></Data></ExtendedData>
  <Point><coordinates>101.6893063,14.394252</coordinates></Point></Placemark>
<Placemark>
<name>319 ม.12</name><ExtendedData>
  <Data name="address"><value></value></Data></ExtendedData>
  <Point><coordinates>101.6885861,14.393428799999999</coordinates></Point></Placemark>
<Placemark>
<name>49 ม.5</name><ExtendedData>
  <Data name="address"><value></value></Data></ExtendedData>
  <Point><coordinates>101.68249949999999,14.407345</coordinates></Point></Placemark>
<Placemark>
<name>251 ม.5 เจ๊น้อย</name><ExtendedData>
  <Data name="address"><value></value></Data></ExtendedData>
  <Point><coordinates>101.68598399999999,14.4012467</coordinates></Point></Placemark>
<Placemark>
<name>10 ม.22</name><ExtendedData>
  <Data name="address"><value></value></Data></ExtendedData>
  <Point><coordinates>101.7198154,14.370764099999999</coordinates></Point></Placemark>
<Placemark>
<name>165 ม.2 ฝากได้</name><ExtendedData>
  <Data name="address"><value></value></Data></ExtendedData>
  <Point><coordinates>101.6755043,14.440582099999999</coordinates></Point></Placemark>
<Placemark>
<name>17 ม.10</name><ExtendedData>
  <Data name="address"><value></value></Data></ExtendedData>
  <Point><coordinates>101.7291149,14.383031299999999</coordinates></Point></Placemark>
<Placemark>
<name>27 ม.7</name><ExtendedData>
  <Data name="address"><value>บจก. สุขสมบัติ มหาศาล หมู่ที่ 7 3052 เลขที่ 27 ตำบล วังหมี อำเภอวังน้ำเขียว นครราชสีมา 30370 ไทย</value></Data></ExtendedData>
  <Point><coordinates>101.6502986,14.463314299999999</coordinates></Point></Placemark>
<Placemark>
<name>38 ม.10</name><ExtendedData>
  <Data name="address"><value></value></Data></ExtendedData>
  <Point><coordinates>101.7197604,14.3750883</coordinates></Point></Placemark>
<Placemark>
<name>8 ม.16</name><ExtendedData>
  <Data name="address"><value></value></Data></ExtendedData>
  <Point><coordinates>101.7236228,14.362096099999999</coordinates></Point></Placemark>
<Placemark>
<name>128 ม.10</name><ExtendedData>
  <Data name="address"><value></value></Data></ExtendedData>
  <Point><coordinates>101.7078159,14.382689899999999</coordinates></Point></Placemark>
<Placemark>
<name>46 ม.2</name><ExtendedData>
  <Data name="address"><value></value></Data></ExtendedData>
  <Point><coordinates>101.67496919999999,14.4443854</coordinates></Point></Placemark>
<Placemark>
<name>24 ม.2</name><ExtendedData>
  <Data name="address"><value></value></Data></ExtendedData>
  <Point><coordinates>101.6740452,14.4439344</coordinates></Point></Placemark>
<Placemark>
<name>114 ม.16</name><ExtendedData>
  <Data name="address"><value></value></Data></ExtendedData>
  <Point><coordinates>101.7255114,14.366365499999999</coordinates></Point></Placemark>
<Placemark>
<name>345 ม.12</name><ExtendedData>
  <Data name="address"><value></value></Data></ExtendedData>
  <Point><coordinates>101.70930519999999,14.3921307</coordinates></Point></Placemark>
<Placemark>
<name>180 ม.5</name><ExtendedData>
  <Data name="address"><value></value></Data></ExtendedData>
  <Point><coordinates>101.68310699999999,14.407630099999999</coordinates></Point></Placemark>
<Placemark>
<name>102 ม.21</name><ExtendedData>
  <Data name="address"><value></value></Data></ExtendedData>
  <Point><coordinates>101.6797455,14.4300958</coordinates></Point></Placemark>
<Placemark>
<name>224 ม.12</name><ExtendedData>
  <Data name="address"><value></value></Data></ExtendedData>
  <Point><coordinates>101.7138217,14.3995941</coordinates></Point></Placemark>
<Placemark>
<name>89 ม.5</name><ExtendedData>
  <Data name="address"><value></value></Data></ExtendedData>
  <Point><coordinates>101.682306,14.4067124</coordinates></Point></Placemark>
<Placemark>
<name>9/1 ม.10</name><ExtendedData>
  <Data name="address"><value></value></Data></ExtendedData>
  <Point><coordinates>101.7284766,14.375457599999999</coordinates></Point></Placemark>
<Placemark>
<name>271 ม.1</name><ExtendedData>
  <Data name="address"><value></value></Data></ExtendedData>
  <Point><coordinates>101.6604155,14.464584599999998</coordinates></Point></Placemark>
<Placemark>
<name>201 ม.22</name><ExtendedData>
  <Data name="address"><value></value></Data></ExtendedData>
  <Point><coordinates>101.71691729999999,14.3713137</coordinates></Point></Placemark>
<Placemark>
<name>185 ม.5</name><ExtendedData>
  <Data name="address"><value></value></Data></ExtendedData>
  <Point><coordinates>101.6857668,14.4049958</coordinates></Point></Placemark>
<Placemark>
<name>54 ม.16</name><ExtendedData>
  <Data name="address"><value></value></Data></ExtendedData>
  <Point><coordinates>101.7312989,14.362976</coordinates></Point></Placemark>
<Placemark>
<name>363 ม.5 ฝากได้</name><ExtendedData>
  <Data name="address"><value></value></Data></ExtendedData>
  <Point><coordinates>101.6820992,14.407886</coordinates></Point></Placemark>
<Placemark>
<name>41 ม.21</name><ExtendedData>
  <Data name="address"><value></value></Data></ExtendedData>
  <Point><coordinates>101.6789778,14.432577499999999</coordinates></Point></Placemark>
<Placemark>
<name>82 ม.7</name><ExtendedData>
  <Data name="address"><value></value></Data></ExtendedData>
  <Point><coordinates>101.65182039999999,14.463498699999999</coordinates></Point></Placemark>
<Placemark>
<name>ทางออก</name><ExtendedData>
  <Data name="address"><value></value></Data></ExtendedData>
  <Point><coordinates>101.8622058,14.404667499999999</coordinates></Point></Placemark>
<Placemark>
<name>179 ม.22 ฝากได้</name><ExtendedData>
  <Data name="address"><value></value></Data></ExtendedData>
  <Point><coordinates>101.7189487,14.3708028</coordinates></Point></Placemark>
<Placemark>
<name>108 ม.1</name><ExtendedData>
  <Data name="address"><value></value></Data></ExtendedData>
  <Point><coordinates>101.66136739999999,14.464094399999999</coordinates></Point></Placemark>
<Placemark>
<name>123 ม.10</name><ExtendedData>
  <Data name="address"><value></value></Data></ExtendedData>
  <Point><coordinates>101.7221804,14.3743413</coordinates></Point></Placemark>
<Placemark>
<name>119 ม.19</name><ExtendedData>
  <Data name="address"><value></value></Data></ExtendedData>
  <Point><coordinates>101.6608524,14.4593908</coordinates></Point></Placemark>
<Placemark>
<name>83 ม.19</name><ExtendedData>
  <Data name="address"><value></value></Data></ExtendedData>
  <Point><coordinates>101.6661015,14.4624764</coordinates></Point></Placemark>
<Placemark>
<name>266 ม.5</name><ExtendedData>
  <Data name="address"><value></value></Data></ExtendedData>
  <Point><coordinates>101.6859525,14.414136</coordinates></Point></Placemark>
<Placemark>
<name>122 ม.12</name><ExtendedData>
  <Data name="address"><value></value></Data></ExtendedData>
  <Point><coordinates>101.68823309999999,14.3938776</coordinates></Point></Placemark>
<Placemark>
<name>508 ม.1</name><ExtendedData>
  <Data name="address"><value></value></Data></ExtendedData>
  <Point><coordinates>101.6605785,14.4643353</coordinates></Point></Placemark>
<Placemark>
<name>53 ม.21</name><ExtendedData>
  <Data name="address"><value></value></Data></ExtendedData>
  <Point><coordinates>101.67904779999999,14.433337</coordinates></Point></Placemark>
<Placemark>
<name>170 ม.12</name><ExtendedData>
  <Data name="address"><value></value></Data></ExtendedData>
  <Point><coordinates>101.6966357,14.389631099999999</coordinates></Point></Placemark>
<Placemark>
<name>219 ม.1</name><ExtendedData>
  <Data name="address"><value></value></Data></ExtendedData>
  <Point><coordinates>101.6591291,14.4621601</coordinates></Point></Placemark>
<Placemark>
<name>48 ม.10 ร้านขายลูกชิ้น</name><ExtendedData>
  <Data name="address"><value></value></Data></ExtendedData>
  <Point><coordinates>101.70707759999999,14.3815659</coordinates></Point></Placemark>
<Placemark>
<name>18 ม.12</name><ExtendedData>
  <Data name="address"><value></value></Data></ExtendedData>
  <Point><coordinates>101.6918259,14.3934164</coordinates></Point></Placemark>
<Placemark>
<name>126 ม.16</name><ExtendedData>
  <Data name="address"><value></value></Data></ExtendedData>
  <Point><coordinates>101.7263308,14.3649004</coordinates></Point></Placemark>
<Placemark>
<name>74 ม.8 บังอร</name><ExtendedData>
  <Data name="address"><value></value></Data></ExtendedData>
  <Point><coordinates>101.6493876,14.467441899999999</coordinates></Point></Placemark>
<Placemark>
<name>251 ม.10</name><ExtendedData>
  <Data name="address"><value></value></Data></ExtendedData>
  <Point><coordinates>101.7320077,14.382049499999999</coordinates></Point></Placemark>
<Placemark>
<name>183 ม.22</name><ExtendedData>
  <Data name="address"><value></value></Data></ExtendedData>
  <Point><coordinates>101.7197544,14.3707271</coordinates></Point></Placemark>
<Placemark>
<name>80 ม.16</name><ExtendedData>
  <Data name="address"><value></value></Data></ExtendedData>
  <Point><coordinates>101.724357,14.359281699999999</coordinates></Point></Placemark>
<Placemark>
<name>210 ม.10 </name><ExtendedData>
  <Data name="address"><value></value></Data></ExtendedData>
  <Point><coordinates>101.72812119999999,14.3826877</coordinates></Point></Placemark>
<Placemark>
<name>206 ม.10 ฝากได้</name><ExtendedData>
  <Data name="address"><value></value></Data></ExtendedData>
  <Point><coordinates>101.7286419,14.383649</coordinates></Point></Placemark>
<Placemark>
<name>76 ม.5</name><ExtendedData>
  <Data name="address"><value></value></Data></ExtendedData>
  <Point><coordinates>101.6873426,14.4117249</coordinates></Point></Placemark>
<Placemark>
<name>82 ม.16</name><ExtendedData>
  <Data name="address"><value></value></Data></ExtendedData>
  <Point><coordinates>101.734535,14.363377</coordinates></Point></Placemark>
<Placemark>
<name>100 ม.8</name><ExtendedData>
  <Data name="address"><value></value></Data></ExtendedData>
  <Point><coordinates>101.6395922,14.4770261</coordinates></Point></Placemark>
<Placemark>
<name>205 ม.10</name><ExtendedData>
  <Data name="address"><value></value></Data></ExtendedData>
  <Point><coordinates>101.72124,14.3739496</coordinates></Point></Placemark>
<Placemark>
<name>66 ม.10</name><ExtendedData>
  <Data name="address"><value></value></Data></ExtendedData>
  <Point><coordinates>101.72322079999999,14.3725534</coordinates></Point></Placemark>
<Placemark>
<name>103 ม.22</name><ExtendedData>
  <Data name="address"><value></value></Data></ExtendedData>
  <Point><coordinates>101.7182476,14.3722432</coordinates></Point></Placemark>
<Placemark>
<name>86 ม.19</name><ExtendedData>
  <Data name="address"><value></value></Data></ExtendedData>
  <Point><coordinates>101.66163429999999,14.458863599999999</coordinates></Point></Placemark>
<Placemark>
<name>35 ม.5</name><ExtendedData>
  <Data name="address"><value></value></Data></ExtendedData>
  <Point><coordinates>101.68502819999999,14.408576</coordinates></Point></Placemark>
<Placemark>
<name>233 ม.7</name><ExtendedData>
  <Data name="address"><value></value></Data></ExtendedData>
  <Point><coordinates>101.6417601,14.4519623</coordinates></Point></Placemark>
<Placemark>
<name>108 ม.22</name><ExtendedData>
  <Data name="address"><value></value></Data></ExtendedData>
  <Point><coordinates>101.7193393,14.370682899999998</coordinates></Point></Placemark>
<Placemark>
<name>217 ม.2</name><ExtendedData>
  <Data name="address"><value></value></Data></ExtendedData>
  <Point><coordinates>101.6737505,14.4436023</coordinates></Point></Placemark>
<Placemark>
<name>14ม.22</name><ExtendedData>
  <Data name="address"><value></value></Data></ExtendedData>
  <Point><coordinates>101.7184616,14.3713965</coordinates></Point></Placemark>
<Placemark>
<name>313 ม.12</name><ExtendedData>
  <Data name="address"><value></value></Data></ExtendedData>
  <Point><coordinates>101.6857849,14.393095299999999</coordinates></Point></Placemark>
<Placemark>
<name>56 ม.16</name><ExtendedData>
  <Data name="address"><value></value></Data></ExtendedData>
  <Point><coordinates>101.7232329,14.369601399999999</coordinates></Point></Placemark>
<Placemark>
<name>1/1 ม.10</name><ExtendedData>
  <Data name="address"><value></value></Data></ExtendedData>
  <Point><coordinates>101.73807889999999,14.3789609</coordinates></Point></Placemark>
<Placemark>
<name>131 ม.12</name><ExtendedData>
  <Data name="address"><value></value></Data></ExtendedData>
  <Point><coordinates>101.69086159999999,14.394416699999999</coordinates></Point></Placemark>
<Placemark>
<name>278 ม.10</name><ExtendedData>
  <Data name="address"><value></value></Data></ExtendedData>
  <Point><coordinates>101.7106731,14.3800349</coordinates></Point></Placemark>
<Placemark>
<name>121 ม.10</name><ExtendedData>
  <Data name="address"><value></value></Data></ExtendedData>
  <Point><coordinates>101.72811349999999,14.3848945</coordinates></Point></Placemark>
<Placemark>
<name>18 ม.19</name><ExtendedData>
  <Data name="address"><value></value></Data></ExtendedData>
  <Point><coordinates>101.6545814,14.4485633</coordinates></Point></Placemark>
<Placemark>
<name>189 ม.22</name><ExtendedData>
  <Data name="address"><value></value></Data></ExtendedData>
  <Point><coordinates>101.720838,14.3694449</coordinates></Point></Placemark>
<Placemark>
<name>171 ม.2</name><ExtendedData>
  <Data name="address"><value></value></Data></ExtendedData>
  <Point><coordinates>101.66824489999999,14.4458519</coordinates></Point></Placemark>
<Placemark>
<name>42 ม.12</name><ExtendedData>
  <Data name="address"><value></value></Data></ExtendedData>
  <Point><coordinates>101.6979547,14.388613</coordinates></Point></Placemark>
<Placemark>
<name>66/1 ม.10</name><ExtendedData>
  <Data name="address"><value></value></Data></ExtendedData>
  <Point><coordinates>101.7233029,14.372583599999999</coordinates></Point></Placemark>
<Placemark>
<name>53 ม.21</name><ExtendedData>
  <Data name="address"><value></value></Data></ExtendedData>
  <Point><coordinates>101.6791179,14.4329655</coordinates></Point></Placemark>
<Placemark>
<name>345 ม.2</name><ExtendedData>
  <Data name="address"><value></value></Data></ExtendedData>
  <Point><coordinates>101.677979,14.437811499999999</coordinates></Point></Placemark>
<Placemark>
<name>136 ม.12</name><ExtendedData>
  <Data name="address"><value></value></Data></ExtendedData>
  <Point><coordinates>101.7012263,14.3873584</coordinates></Point></Placemark>
<Placemark>
<name>448 ม.2</name><ExtendedData>
  <Data name="address"><value></value></Data></ExtendedData>
  <Point><coordinates>101.6718119,14.4471045</coordinates></Point></Placemark>
<Placemark>
<name>88 ม.1</name><ExtendedData>
  <Data name="address"><value></value></Data></ExtendedData>
  <Point><coordinates>101.65846889999999,14.459403499999999</coordinates></Point></Placemark>
<Placemark>
<name>180 ม.12</name><ExtendedData>
  <Data name="address"><value></value></Data></ExtendedData>
  <Point><coordinates>101.6907325,14.3941026</coordinates></Point></Placemark>
<Placemark>
<name>43 ม.19</name><ExtendedData>
  <Data name="address"><value></value></Data></ExtendedData>
  <Point><coordinates>101.66132139999999,14.460256999999999</coordinates></Point></Placemark>
<Placemark>
<name>75 ม.16</name><ExtendedData>
  <Data name="address"><value></value></Data></ExtendedData>
  <Point><coordinates>101.7242538,14.3658088</coordinates></Point></Placemark>
<Placemark>
<name>9/6 ม.21</name><ExtendedData>
  <Data name="address"><value></value></Data></ExtendedData>
  <Point><coordinates>101.67579669999999,14.4313687</coordinates></Point></Placemark>
<Placemark>
<name>114 ม.2</name><ExtendedData>
  <Data name="address"><value></value></Data></ExtendedData>
  <Point><coordinates>101.6797455,14.4427763</coordinates></Point></Placemark>
<Placemark>
<name>37 ม.2</name><ExtendedData>
  <Data name="address"><value></value></Data></ExtendedData>
  <Point><coordinates>101.6754852,14.443824699999999</coordinates></Point></Placemark>
<Placemark>
<name>8 ม.1</name><ExtendedData>
  <Data name="address"><value></value></Data></ExtendedData>
  <Point><coordinates>101.6603719,14.4647025</coordinates></Point></Placemark>
<Placemark>
<name>38 ม.21</name><ExtendedData>
  <Data name="address"><value></value></Data></ExtendedData>
  <Point><coordinates>101.67884629999999,14.4330743</coordinates></Point></Placemark>
<Placemark>
<name>164 ม.22</name><ExtendedData>
  <Data name="address"><value></value></Data></ExtendedData>
  <Point><coordinates>101.7192749,14.370547499999999</coordinates></Point></Placemark>
<Placemark>
<name>162 ม.5</name><ExtendedData>
  <Data name="address"><value></value></Data></ExtendedData>
  <Point><coordinates>101.68627769999999,14.407524899999999</coordinates></Point></Placemark>
<Placemark>
<name>239 ม.16</name><ExtendedData>
  <Data name="address"><value></value></Data></ExtendedData>
  <Point><coordinates>101.73448309999999,14.364936799999999</coordinates></Point></Placemark>
<Placemark>
<name>21 ม.16</name><ExtendedData>
  <Data name="address"><value></value></Data></ExtendedData>
  <Point><coordinates>101.72435399999999,14.362300099999999</coordinates></Point></Placemark>
<Placemark>
<name>130 ม.2</name><ExtendedData>
  <Data name="address"><value></value></Data></ExtendedData>
  <Point><coordinates>101.6749538,14.4435919</coordinates></Point></Placemark>
<Placemark>
<name>170 ม.2</name><ExtendedData>
  <Data name="address"><value></value></Data></ExtendedData>
  <Point><coordinates>101.67289249999999,14.444187</coordinates></Point></Placemark>
<Placemark>
<name>164 ม.10</name><ExtendedData>
  <Data name="address"><value></value></Data></ExtendedData>
  <Point><coordinates>101.7066984,14.381552</coordinates></Point></Placemark>
<Placemark>
<name>269 ม.8</name><ExtendedData>
  <Data name="address"><value></value></Data></ExtendedData>
  <Point><coordinates>101.64078339999999,14.478931399999999</coordinates></Point></Placemark>
<Placemark>
<name>115 ม.12</name><ExtendedData>
  <Data name="address"><value></value></Data></ExtendedData>
  <Point><coordinates>101.6871223,14.393457399999999</coordinates></Point></Placemark>
<Placemark>
<name>22 ม.8</name><ExtendedData>
  <Data name="address"><value></value></Data></ExtendedData>
  <Point><coordinates>101.6499573,14.4737905</coordinates></Point></Placemark>
<Placemark>
<name>87 ม.16</name><ExtendedData>
  <Data name="address"><value></value></Data></ExtendedData>
  <Point><coordinates>101.73214449999999,14.3641537</coordinates></Point></Placemark>
<Placemark>
<name>176 ม.12</name><ExtendedData>
  <Data name="address"><value></value></Data></ExtendedData>
  <Point><coordinates>101.690643,14.3938808</coordinates></Point></Placemark>
<Placemark>
<name>323 ม.5</name><ExtendedData>
  <Data name="address"><value>สวนคุณศัก คลองสะท้อน ตำบล วังหมี อำเภอวังน้ำเขียว นครราชสีมา 30370 ไทย</value></Data></ExtendedData>
  <Point><coordinates>101.69085559999999,14.4071951</coordinates></Point></Placemark>
<Placemark>
<name>177 ม.10</name><ExtendedData>
  <Data name="address"><value></value></Data></ExtendedData>
  <Point><coordinates>101.72438389999999,14.3725352</coordinates></Point></Placemark>
<Placemark>
<name>138 ม.16</name><ExtendedData>
  <Data name="address"><value></value></Data></ExtendedData>
  <Point><coordinates>101.7253418,14.3661271</coordinates></Point></Placemark>
<Placemark>
<name>401 ม.1</name><ExtendedData>
  <Data name="address"><value></value></Data></ExtendedData>
  <Point><coordinates>101.6577575,14.459907999999999</coordinates></Point></Placemark>
<Placemark>
<name>236 ม.5</name><ExtendedData>
  <Data name="address"><value></value></Data></ExtendedData>
  <Point><coordinates>101.6856615,14.406782199999999</coordinates></Point></Placemark>
<Placemark>
<name>94/1 ม.2</name><ExtendedData>
  <Data name="address"><value></value></Data></ExtendedData>
  <Point><coordinates>101.6765611,14.444526</coordinates></Point></Placemark>
<Placemark>
<name>100 ม.12</name><ExtendedData>
  <Data name="address"><value></value></Data></ExtendedData>
  <Point><coordinates>101.6956658,14.389952899999999</coordinates></Point></Placemark>
<Placemark>
<name>95 ม.12</name><ExtendedData>
  <Data name="address"><value></value></Data></ExtendedData>
  <Point><coordinates>101.6911657,14.394414399999999</coordinates></Point></Placemark>
<Placemark>
<name>66 ม.7</name><ExtendedData>
  <Data name="address"><value></value></Data></ExtendedData>
  <Point><coordinates>101.6425648,14.4578922</coordinates></Point></Placemark>
<Placemark>
<name>333 ม.12</name><ExtendedData>
  <Data name="address"><value></value></Data></ExtendedData>
  <Point><coordinates>101.7178842,14.396101199999999</coordinates></Point></Placemark>
<Placemark>
<name>292 ม.1</name><ExtendedData>
  <Data name="address"><value></value></Data></ExtendedData>
  <Point><coordinates>101.6568489,14.4624043</coordinates></Point></Placemark>
<Placemark>
<name>277 ม.5</name><ExtendedData>
  <Data name="address"><value></value></Data></ExtendedData>
  <Point><coordinates>101.6822457,14.4216678</coordinates></Point></Placemark>
<Placemark>
<name>284 ม.1</name><ExtendedData>
  <Data name="address"><value></value></Data></ExtendedData>
  <Point><coordinates>101.65883439999999,14.459349</coordinates></Point></Placemark>
<Placemark>
<name>22 ม.19</name><ExtendedData>
  <Data name="address"><value></value></Data></ExtendedData>
  <Point><coordinates>101.654506,14.4480834</coordinates></Point></Placemark>
<Placemark>
<name>22 ม.10</name><ExtendedData>
  <Data name="address"><value></value></Data></ExtendedData>
  <Point><coordinates>101.724916,14.3730669</coordinates></Point></Placemark>
<Placemark>
<name>209 ม.5</name><ExtendedData>
  <Data name="address"><value></value></Data></ExtendedData>
  <Point><coordinates>101.68740629999999,14.4057564</coordinates></Point></Placemark>
<Placemark>
<name>92 ม.19</name><ExtendedData>
  <Data name="address"><value></value></Data></ExtendedData>
  <Point><coordinates>101.6619487,14.4592116</coordinates></Point></Placemark>
<Placemark>
<name>73/1 ม.8</name><ExtendedData>
  <Data name="address"><value></value></Data></ExtendedData>
  <Point><coordinates>101.6476603,14.4763746</coordinates></Point></Placemark>
<Placemark>
<name>20 ม.7</name><ExtendedData>
  <Data name="address"><value></value></Data></ExtendedData>
  <Point><coordinates>101.6411308,14.451967799999998</coordinates></Point></Placemark>
<Placemark>
<name>141 ม.5</name><ExtendedData>
  <Data name="address"><value></value></Data></ExtendedData>
  <Point><coordinates>101.685171,14.410713099999999</coordinates></Point></Placemark>
<Placemark>
<name>สมศักดิ์ ส่งที่นี้ 1 ม.8</name><ExtendedData>
  <Data name="address"><value></value></Data></ExtendedData>
  <Point><coordinates>101.68050489999999,14.441123999999999</coordinates></Point></Placemark>
<Placemark>
<name>20 ม.7</name><ExtendedData>
  <Data name="address"><value>ตำบล โป่งตาลอง อำเภอปากช่อง นครราชสีมา 30130 ไทย</value></Data></ExtendedData>
  <Point><coordinates>0,0</coordinates></Point></Placemark>
<Placemark>
<name>159 ม.22</name><ExtendedData>
  <Data name="address"><value></value></Data></ExtendedData>
  <Point><coordinates>101.715716,14.370250299999999</coordinates></Point></Placemark>
<Placemark>
<name>69 ม.22</name><ExtendedData>
  <Data name="address"><value></value></Data></ExtendedData>
  <Point><coordinates>101.7198104,14.3714222</coordinates></Point></Placemark>
<Placemark>
<name>166 ม.10</name><ExtendedData>
  <Data name="address"><value></value></Data></ExtendedData>
  <Point><coordinates>101.722802,14.3719477</coordinates></Point></Placemark>
<Placemark>
<name>47/1 ม.22</name><ExtendedData>
  <Data name="address"><value></value></Data></ExtendedData>
  <Point><coordinates>101.71912809999999,14.370868699999999</coordinates></Point></Placemark>
<Placemark>
<name>12 ม.2</name><ExtendedData>
  <Data name="address"><value></value></Data></ExtendedData>
  <Point><coordinates>101.6772769,14.4433721</coordinates></Point></Placemark>
<Placemark>
<name>208 ส่งร้านกหรี่ปั๊บได้</name><ExtendedData>
  <Data name="address"><value></value></Data></ExtendedData>
  <Point><coordinates>101.6738075,14.4434925</coordinates></Point></Placemark>
<Placemark>
<name>117 ม.5 จิรรรม</name><ExtendedData>
  <Data name="address"><value></value></Data></ExtendedData>
  <Point><coordinates>101.6832472,14.4073567</coordinates></Point></Placemark>
<Placemark>
<name>297 ม.2</name><ExtendedData>
  <Data name="address"><value></value></Data></ExtendedData>
  <Point><coordinates>101.6730005,14.4419133</coordinates></Point></Placemark>
<Placemark>
<name>26 ม.12</name><ExtendedData>
  <Data name="address"><value></value></Data></ExtendedData>
  <Point><coordinates>101.7012089,14.3871896</coordinates></Point></Placemark>
<Placemark>
<name>283 ม.2</name><ExtendedData>
  <Data name="address"><value></value></Data></ExtendedData>
  <Point><coordinates>101.6741515,14.4421707</coordinates></Point></Placemark>
<Placemark>
<name>245 ม.12</name><ExtendedData>
  <Data name="address"><value></value></Data></ExtendedData>
  <Point><coordinates>101.7097534,14.3933749</coordinates></Point></Placemark>
<Placemark>
<name>162 ม.10</name><ExtendedData>
  <Data name="address"><value></value></Data></ExtendedData>
  <Point><coordinates>101.7126442,14.3787878</coordinates></Point></Placemark>
<Placemark>
<name>28 ม.16</name><ExtendedData>
  <Data name="address"><value></value></Data></ExtendedData>
  <Point><coordinates>101.7248211,14.365089099999999</coordinates></Point></Placemark>
<Placemark>
<name>75 ม.19</name><ExtendedData>
  <Data name="address"><value></value></Data></ExtendedData>
  <Point><coordinates>101.6546934,14.4474877</coordinates></Point></Placemark>
<Placemark>
<name>191 ม.5</name><ExtendedData>
  <Data name="address"><value></value></Data></ExtendedData>
  <Point><coordinates>101.6864772,14.4075323</coordinates></Point></Placemark>
<Placemark>
<name>309 ม.12</name><ExtendedData>
  <Data name="address"><value></value></Data></ExtendedData>
  <Point><coordinates>101.7032957,14.4035949</coordinates></Point></Placemark>
<Placemark>
<name>35 ม.12</name><ExtendedData>
  <Data name="address"><value></value></Data></ExtendedData>
  <Point><coordinates>101.6979842,14.3888251</coordinates></Point></Placemark>
<Placemark>
<name>498 ม.2</name><ExtendedData>
  <Data name="address"><value></value></Data></ExtendedData>
  <Point><coordinates>101.67381379999999,14.442333699999999</coordinates></Point></Placemark>
<Placemark>
<name>86/1 ม.19</name><ExtendedData>
  <Data name="address"><value></value></Data></ExtendedData>
  <Point><coordinates>101.66171709999999,14.458724</coordinates></Point></Placemark>
<Placemark>
<name>100 ม.5</name><ExtendedData>
  <Data name="address"><value></value></Data></ExtendedData>
  <Point><coordinates>101.68720379999999,14.4072359</coordinates></Point></Placemark>
<Placemark>
<name>139 ม.22</name><ExtendedData>
  <Data name="address"><value></value></Data></ExtendedData>
  <Point><coordinates>101.71825,14.3714514</coordinates></Point></Placemark>
<Placemark>
<name>45 ม.21</name><ExtendedData>
  <Data name="address"><value></value></Data></ExtendedData>
  <Point><coordinates>101.67860859999999,14.433558699999999</coordinates></Point></Placemark>
<Placemark>
<name>30 ม.5</name><ExtendedData>
  <Data name="address"><value></value></Data></ExtendedData>
  <Point><coordinates>101.68905679999999,14.410982899999999</coordinates></Point></Placemark>
<Placemark>
<name>153 ม.22</name><ExtendedData>
  <Data name="address"><value></value></Data></ExtendedData>
  <Point><coordinates>101.719572,14.37125</coordinates></Point></Placemark>
<Placemark>
<name>74 ม.7</name><ExtendedData>
  <Data name="address"><value></value></Data></ExtendedData>
  <Point><coordinates>101.6563563,14.462289</coordinates></Point></Placemark>
<Placemark>
<name>224/2 ม.12</name><ExtendedData>
  <Data name="address"><value></value></Data></ExtendedData>
  <Point><coordinates>101.68515119999999,14.3928459</coordinates></Point></Placemark>
<Placemark>
<name>64 ม.16</name><ExtendedData>
  <Data name="address"><value></value></Data></ExtendedData>
  <Point><coordinates>101.72987069999999,14.364111099999999</coordinates></Point></Placemark>
<Placemark>
<name>187 ม.22</name><ExtendedData>
  <Data name="address"><value></value></Data></ExtendedData>
  <Point><coordinates>101.715322,14.3685127</coordinates></Point></Placemark>
<Placemark>
<name>339 ม.5</name><ExtendedData>
  <Data name="address"><value></value></Data></ExtendedData>
  <Point><coordinates>101.68268619999999,14.4116486</coordinates></Point></Placemark>
<Placemark>
<name>120 ม.22 ฝากได้</name><ExtendedData>
  <Data name="address"><value></value></Data></ExtendedData>
  <Point><coordinates>101.7189698,14.3707827</coordinates></Point></Placemark>
<Placemark>
<name>222 ม.12 ฝากได้</name><ExtendedData>
  <Data name="address"><value></value></Data></ExtendedData>
  <Point><coordinates>101.7014131,14.386863799999999</coordinates></Point></Placemark>
<Placemark>
<name>36 ม.16</name><ExtendedData>
  <Data name="address"><value></value></Data></ExtendedData>
  <Point><coordinates>101.7285886,14.363909399999999</coordinates></Point></Placemark>
<Placemark>
<name>125 ม.5</name><ExtendedData>
  <Data name="address"><value></value></Data></ExtendedData>
  <Point><coordinates>101.6838812,14.409625199999999</coordinates></Point></Placemark>
<Placemark>
<name>320 ม.12</name><ExtendedData>
  <Data name="address"><value></value></Data></ExtendedData>
  <Point><coordinates>101.6883591,14.392051799999999</coordinates></Point></Placemark>
<Placemark>
<name>119 ม.21</name><ExtendedData>
  <Data name="address"><value></value></Data></ExtendedData>
  <Point><coordinates>101.6783689,14.433852199999999</coordinates></Point></Placemark>
<Placemark>
<name>18 ม.2</name><ExtendedData>
  <Data name="address"><value></value></Data></ExtendedData>
  <Point><coordinates>101.6781724,14.4435107</coordinates></Point></Placemark>
<Placemark>
<name>283 ม.2</name><ExtendedData>
  <Data name="address"><value></value></Data></ExtendedData>
  <Point><coordinates>101.67431339999999,14.4421974</coordinates></Point></Placemark>
<Placemark>
<name>69 ม.5</name><ExtendedData>
  <Data name="address"><value></value></Data></ExtendedData>
  <Point><coordinates>101.686669,14.4075908</coordinates></Point></Placemark>
<Placemark>
<name>227 ม.5</name><ExtendedData>
  <Data name="address"><value></value></Data></ExtendedData>
  <Point><coordinates>101.68567619999999,14.4065286</coordinates></Point></Placemark>
<Placemark>
<name>20 ม.1</name><ExtendedData>
  <Data name="address"><value></value></Data></ExtendedData>
  <Point><coordinates>101.6593084,14.462367299999999</coordinates></Point></Placemark>
<Placemark>
<name>225 ม.1</name><ExtendedData>
  <Data name="address"><value></value></Data></ExtendedData>
  <Point><coordinates>101.6598355,14.4674961</coordinates></Point></Placemark>
<Placemark>
<name>729 ม.16</name><ExtendedData>
  <Data name="address"><value></value></Data></ExtendedData>
  <Point><coordinates>101.7348995,14.363626199999999</coordinates></Point></Placemark>
<Placemark>
<name>112 ม.2</name><ExtendedData>
  <Data name="address"><value></value></Data></ExtendedData>
  <Point><coordinates>101.67858779999999,14.443786699999999</coordinates></Point></Placemark>
<Placemark>
<name>109 ม.12</name><ExtendedData>
  <Data name="address"><value></value></Data></ExtendedData>
  <Point><coordinates>101.6873727,14.393184199999999</coordinates></Point></Placemark>
<Placemark>
<name>168 ม.5</name><ExtendedData>
  <Data name="address"><value></value></Data></ExtendedData>
  <Point><coordinates>101.6862807,14.4024415</coordinates></Point></Placemark>
<Placemark>
<name>159 ม.2</name><ExtendedData>
  <Data name="address"><value></value></Data></ExtendedData>
  <Point><coordinates>101.674713,14.443317799999999</coordinates></Point></Placemark>
<Placemark>
<name>219 ม.16</name><ExtendedData>
  <Data name="address"><value></value></Data></ExtendedData>
  <Point><coordinates>101.7239876,14.3617346</coordinates></Point></Placemark>
<Placemark>
<name>234 ม.22</name><ExtendedData>
  <Data name="address"><value></value></Data></ExtendedData>
  <Point><coordinates>101.72061869999999,14.368528</coordinates></Point></Placemark>
<Placemark>
<name>146 ม.2</name><ExtendedData>
  <Data name="address"><value></value></Data></ExtendedData>
  <Point><coordinates>101.677461,14.4429074</coordinates></Point></Placemark>
<Placemark>
<name>196 ม.22</name><ExtendedData>
  <Data name="address"><value></value></Data></ExtendedData>
  <Point><coordinates>101.7197812,14.370847</coordinates></Point></Placemark>
<Placemark>
<name>13 ม.8</name><ExtendedData>
  <Data name="address"><value></value></Data></ExtendedData>
  <Point><coordinates>101.6506174,14.4674477</coordinates></Point></Placemark>
<Placemark>
<name>216 ม.12</name><ExtendedData>
  <Data name="address"><value></value></Data></ExtendedData>
  <Point><coordinates>101.7047685,14.3858421</coordinates></Point></Placemark>
<Placemark>
<name>16 ม.19</name><ExtendedData>
  <Data name="address"><value></value></Data></ExtendedData>
  <Point><coordinates>101.6558792,14.447426</coordinates></Point></Placemark>
<Placemark>
<name>189 ม.12</name><ExtendedData>
  <Data name="address"><value></value></Data></ExtendedData>
  <Point><coordinates>101.7042857,14.386281799999999</coordinates></Point></Placemark>
<Placemark>
<name>124 ม.16</name><ExtendedData>
  <Data name="address"><value></value></Data></ExtendedData>
  <Point><coordinates>101.72607769999999,14.364188799999999</coordinates></Point></Placemark>
<Placemark>
<name>46 ม.19</name><ExtendedData>
  <Data name="address"><value></value></Data></ExtendedData>
  <Point><coordinates>101.661824,14.4604609</coordinates></Point></Placemark>
<Placemark>
<name>265 ม.5</name><ExtendedData>
  <Data name="address"><value></value></Data></ExtendedData>
  <Point><coordinates>101.6875565,14.407566099999999</coordinates></Point></Placemark>
<Placemark>
<name>65 ม.12</name><ExtendedData>
  <Data name="address"><value></value></Data></ExtendedData>
  <Point><coordinates>101.6960088,14.3895194</coordinates></Point></Placemark>
<Placemark>
<name>96 ม.12</name><ExtendedData>
  <Data name="address"><value></value></Data></ExtendedData>
  <Point><coordinates>101.6878244,14.3944449</coordinates></Point></Placemark>
<Placemark>
<name>195 ม.10</name><ExtendedData>
  <Data name="address"><value></value></Data></ExtendedData>
  <Point><coordinates>101.7216909,14.3760883</coordinates></Point></Placemark>
<Placemark>
<name>68 ม.7</name><ExtendedData>
  <Data name="address"><value></value></Data></ExtendedData>
  <Point><coordinates>101.6425886,14.457847099999999</coordinates></Point></Placemark>
<Placemark>
<name>282 ม.2</name><ExtendedData>
  <Data name="address"><value></value></Data></ExtendedData>
  <Point><coordinates>101.6717489,14.444554499999999</coordinates></Point></Placemark>
<Placemark>
<name>178 ม.10</name><ExtendedData>
  <Data name="address"><value></value></Data></ExtendedData>
  <Point><coordinates>101.7180207,14.3757775</coordinates></Point></Placemark>
<Placemark>
<name>112 ม.2</name><ExtendedData>
  <Data name="address"><value></value></Data></ExtendedData>
  <Point><coordinates>101.66904149999999,14.450823699999999</coordinates></Point></Placemark>
<Placemark>
<name>311 ม.12</name><ExtendedData>
  <Data name="address"><value></value></Data></ExtendedData>
  <Point><coordinates>101.68865249999999,14.3935301</coordinates></Point></Placemark>
<Placemark>
<name>32 ม.12</name><ExtendedData>
  <Data name="address"><value></value></Data></ExtendedData>
  <Point><coordinates>101.6974434,14.3895038</coordinates></Point></Placemark>
<Placemark>
<name>25 ม.16</name><ExtendedData>
  <Data name="address"><value></value></Data></ExtendedData>
  <Point><coordinates>101.72255659999999,14.3609034</coordinates></Point></Placemark>
<Placemark>
<name>449 ม.12</name><ExtendedData>
  <Data name="address"><value></value></Data></ExtendedData>
  <Point><coordinates>101.7106439,14.396305799999999</coordinates></Point></Placemark>
<Placemark>
<name>54 ม.12</name><ExtendedData>
  <Data name="address"><value></value></Data></ExtendedData>
  <Point><coordinates>101.69697339999999,14.3890465</coordinates></Point></Placemark>
<Placemark>
<name>175 ม.22</name><ExtendedData>
  <Data name="address"><value></value></Data></ExtendedData>
  <Point><coordinates>101.7193872,14.3705397</coordinates></Point></Placemark>
<Placemark>
<name>2 ม.5</name><ExtendedData>
  <Data name="address"><value></value></Data></ExtendedData>
  <Point><coordinates>101.68543249999999,14.4096525</coordinates></Point></Placemark>
<Placemark>
<name>173 ม.10</name><ExtendedData>
  <Data name="address"><value></value></Data></ExtendedData>
  <Point><coordinates>101.72178079999999,14.3761925</coordinates></Point></Placemark>
<Placemark>
<name>214 ม.5</name><ExtendedData>
  <Data name="address"><value></value></Data></ExtendedData>
  <Point><coordinates>101.6865962,14.4108378</coordinates></Point></Placemark>
<Placemark>
<name>296 ม.5</name><ExtendedData>
  <Data name="address"><value></value></Data></ExtendedData>
  <Point><coordinates>101.6855934,14.4084705</coordinates></Point></Placemark>
<Placemark>
<name>101 ม.2</name><ExtendedData>
  <Data name="address"><value></value></Data></ExtendedData>
  <Point><coordinates>101.6712134,14.4469604</coordinates></Point></Placemark>
<Placemark>
<name>81 ม.16</name><ExtendedData>
  <Data name="address"><value></value></Data></ExtendedData>
  <Point><coordinates>101.72486029999999,14.365611699999999</coordinates></Point></Placemark>
<Placemark>
<name>301 ม.12</name><ExtendedData>
  <Data name="address"><value></value></Data></ExtendedData>
  <Point><coordinates>101.7021879,14.3869625</coordinates></Point></Placemark>
<Placemark>
<name>108 ม.10</name><ExtendedData>
  <Data name="address"><value></value></Data></ExtendedData>
  <Point><coordinates>101.7078457,14.381932899999999</coordinates></Point></Placemark>
<Placemark>
<name>159 ม.5</name><ExtendedData>
  <Data name="address"><value></value></Data></ExtendedData>
  <Point><coordinates>101.6858405,14.4075612</coordinates></Point></Placemark>
<Placemark>
<name>226 ม.7</name><ExtendedData>
  <Data name="address"><value></value></Data></ExtendedData>
  <Point><coordinates>101.64877109999999,14.467967799999998</coordinates></Point></Placemark>
<Placemark>
<name>210 ม.5</name><ExtendedData>
  <Data name="address"><value></value></Data></ExtendedData>
  <Point><coordinates>101.6884956,14.4073531</coordinates></Point></Placemark>
<Placemark>
<name>88 ม.12 ฝากได้</name><ExtendedData>
  <Data name="address"><value></value></Data></ExtendedData>
  <Point><coordinates>101.688576,14.3936633</coordinates></Point></Placemark>
<Placemark>
<name>91 ม.10</name><ExtendedData>
  <Data name="address"><value></value></Data></ExtendedData>
  <Point><coordinates>101.7199857,14.374506</coordinates></Point></Placemark>
<Placemark>
<name>52 ม.7</name><ExtendedData>
  <Data name="address"><value></value></Data></ExtendedData>
  <Point><coordinates>101.6427408,14.457667899999999</coordinates></Point></Placemark>
<Placemark>
<name>116 ม.16</name><ExtendedData>
  <Data name="address"><value></value></Data></ExtendedData>
  <Point><coordinates>101.723897,14.365454199999999</coordinates></Point></Placemark>
<Placemark>
<name>239 ม.12</name><ExtendedData>
  <Data name="address"><value></value></Data></ExtendedData>
  <Point><coordinates>101.68905009999999,14.385518999999999</coordinates></Point></Placemark>
<Placemark>
<name>105 ม.21</name><ExtendedData>
  <Data name="address"><value></value></Data></ExtendedData>
  <Point><coordinates>101.67808459999999,14.4248444</coordinates></Point></Placemark>
<Placemark>
<name>70 ม.21</name><ExtendedData>
  <Data name="address"><value></value></Data></ExtendedData>
  <Point><coordinates>101.6790576,14.4333175</coordinates></Point></Placemark>
<Placemark>
<name>89 ม.8</name><ExtendedData>
  <Data name="address"><value></value></Data></ExtendedData>
  <Point><coordinates>101.65507629999999,14.4769726</coordinates></Point></Placemark>
<Placemark>
<name>33 ม.1</name><ExtendedData>
  <Data name="address"><value></value></Data></ExtendedData>
  <Point><coordinates>101.65760019999999,14.459772</coordinates></Point></Placemark>
<Placemark>
<name>225 ม.10</name><ExtendedData>
  <Data name="address"><value></value></Data></ExtendedData>
  <Point><coordinates>101.7240312,14.3728561</coordinates></Point></Placemark>
<Placemark>
<name>132 ม.10</name><ExtendedData>
  <Data name="address"><value></value></Data></ExtendedData>
  <Point><coordinates>101.72833949999999,14.3843547</coordinates></Point></Placemark>
<Placemark>
<name>195 ม.8</name><ExtendedData>
  <Data name="address"><value></value></Data></ExtendedData>
  <Point><coordinates>101.6495013,14.475428899999999</coordinates></Point></Placemark>
<Placemark>
<name>206 ม.5</name><ExtendedData>
  <Data name="address"><value></value></Data></ExtendedData>
  <Point><coordinates>101.6881301,14.4065695</coordinates></Point></Placemark>
<Placemark>
<name>2 ม.10</name><ExtendedData>
  <Data name="address"><value></value></Data></ExtendedData>
  <Point><coordinates>101.7168918,14.3765439</coordinates></Point></Placemark>
<Placemark>
<name>สมพร ม.22</name><ExtendedData>
  <Data name="address"><value></value></Data></ExtendedData>
  <Point><coordinates>101.7155949,14.3666468</coordinates></Point></Placemark>
<Placemark>
<name>191 ม.12</name><ExtendedData>
  <Data name="address"><value></value></Data></ExtendedData>
  <Point><coordinates>101.6912894,14.391560199999999</coordinates></Point></Placemark>
<Placemark>
<name>25 ม.2</name><ExtendedData>
  <Data name="address"><value>ร้านพี่คุณชาไข่มุก สถานีมีนม 25/2 หมู่ 2 บ้านท่าวังไทร วังหมี อำเภอวังน้ำเขียว นครราชสีมา 30370 ไทย</value></Data></ExtendedData>
  <Point><coordinates>101.6726619,14.445172099999999</coordinates></Point></Placemark>
<Placemark>
<name>137 ม.16</name><ExtendedData>
  <Data name="address"><value></value></Data></ExtendedData>
  <Point><coordinates>101.72402609999999,14.3652798</coordinates></Point></Placemark>
<Placemark>
<name>19 ม.2</name><ExtendedData>
  <Data name="address"><value></value></Data></ExtendedData>
  <Point><coordinates>101.676135,14.443593199999999</coordinates></Point></Placemark>
<Placemark>
<name>137 ม.10</name><ExtendedData>
  <Data name="address"><value></value></Data></ExtendedData>
  <Point><coordinates>101.7236781,14.371944699999998</coordinates></Point></Placemark>
<Placemark>
<name>293 ม.2</name><ExtendedData>
  <Data name="address"><value></value></Data></ExtendedData>
  <Point><coordinates>101.6761839,14.443613599999999</coordinates></Point></Placemark>
<Placemark>
<name>446 ม.2</name><ExtendedData>
  <Data name="address"><value></value></Data></ExtendedData>
  <Point><coordinates>101.67452829999999,14.4427805</coordinates></Point></Placemark>
<Placemark>
<name>132 ม.16</name><ExtendedData>
  <Data name="address"><value></value></Data></ExtendedData>
  <Point><coordinates>101.7230548,14.358831499999999</coordinates></Point></Placemark>
<Placemark>
<name>63 ม.1</name><ExtendedData>
  <Data name="address"><value></value></Data></ExtendedData>
  <Point><coordinates>101.6591931,14.4598655</coordinates></Point></Placemark>
<Placemark>
<name>57 ม.21</name><ExtendedData>
  <Data name="address"><value></value></Data></ExtendedData>
  <Point><coordinates>101.6698073,14.4210573</coordinates></Point></Placemark>
<Placemark>
<name>230 ม.5</name><ExtendedData>
  <Data name="address"><value></value></Data></ExtendedData>
  <Point><coordinates>101.6904502,14.4179157</coordinates></Point></Placemark>
<Placemark>
<name>295 ม.2</name><ExtendedData>
  <Data name="address"><value></value></Data></ExtendedData>
  <Point><coordinates>101.6794254,14.4432107</coordinates></Point></Placemark>
<Placemark>
<name>141 ม.10</name><ExtendedData>
  <Data name="address"><value></value></Data></ExtendedData>
  <Point><coordinates>101.7292504,14.3827153</coordinates></Point></Placemark>
<Placemark>
<name>264 ม.10 ไร่เท็นโน</name><ExtendedData>
  <Data name="address"><value></value></Data></ExtendedData>
  <Point><coordinates>101.7242612,14.379670599999999</coordinates></Point></Placemark>
<Placemark>
<name>304 ม.10</name><ExtendedData>
  <Data name="address"><value></value></Data></ExtendedData>
  <Point><coordinates>101.73008259999999,14.3813587</coordinates></Point></Placemark>
<Placemark>
<name>15 ม.2 ดวงเดือน</name><ExtendedData>
  <Data name="address"><value></value></Data></ExtendedData>
  <Point><coordinates>101.6780222,14.437776099999999</coordinates></Point></Placemark>
<Placemark>
<name>181/1 ม.10</name><ExtendedData>
  <Data name="address"><value></value></Data></ExtendedData>
  <Point><coordinates>101.7288427,14.3831777</coordinates></Point></Placemark>
<Placemark>
<name>41 ม.19</name><ExtendedData>
  <Data name="address"><value></value></Data></ExtendedData>
  <Point><coordinates>101.6550934,14.4460877</coordinates></Point></Placemark>
<Placemark>
<name>92 ม.21</name><ExtendedData>
  <Data name="address"><value></value></Data></ExtendedData>
  <Point><coordinates>101.6803705,14.440575599999999</coordinates></Point></Placemark>
<Placemark>
<name>117 ม.10</name><ExtendedData>
  <Data name="address"><value></value></Data></ExtendedData>
  <Point><coordinates>101.72409619999999,14.372595599999999</coordinates></Point></Placemark>
<Placemark>
<name>168 ม.10</name><ExtendedData>
  <Data name="address"><value></value></Data></ExtendedData>
  <Point><coordinates>101.72355139999999,14.378212</coordinates></Point></Placemark>
<Placemark>
<name>105 ม.22</name><ExtendedData>
  <Data name="address"><value></value></Data></ExtendedData>
  <Point><coordinates>101.71844809999999,14.3705579</coordinates></Point></Placemark>
<Placemark>
<name>20 ม.12</name><ExtendedData>
  <Data name="address"><value></value></Data></ExtendedData>
  <Point><coordinates>101.688682,14.3932284</coordinates></Point></Placemark>
<Placemark>
<name>224 ม.12 นู๋ขวัญ</name><ExtendedData>
  <Data name="address"><value></value></Data></ExtendedData>
  <Point><coordinates>101.6851183,14.3931346</coordinates></Point></Placemark>
<Placemark>
<name>25 ม.21</name><ExtendedData>
  <Data name="address"><value></value></Data></ExtendedData>
  <Point><coordinates>101.6802706,14.4306796</coordinates></Point></Placemark>
<Placemark>
<name>145 ม.22</name><ExtendedData>
  <Data name="address"><value>บ้านเติมรัก@วังน้ำเขียว 145 หมู่22 อำเภอวังน้ำเขียว นครราชสีมา 30370 ไทย</value></Data></ExtendedData>
  <Point><coordinates>101.7152861,14.3694755</coordinates></Point></Placemark>
<Placemark>
<name>242 ม.10</name><ExtendedData>
  <Data name="address"><value>ครัวคุณะ No.242 moo10, 3052Rd, Wang Mi, Wang Nam Khiao District, Nakhon Ratchasima 30370 ไทย</value></Data></ExtendedData>
  <Point><coordinates>101.72789519999999,14.3744702</coordinates></Point></Placemark>
<Placemark>
<name>13 ม.22</name><ExtendedData>
  <Data name="address"><value></value></Data></ExtendedData>
  <Point><coordinates>101.71916089999999,14.371508599999999</coordinates></Point></Placemark>
<Placemark>
<name>81/1 ม.2</name><ExtendedData>
  <Data name="address"><value></value></Data></ExtendedData>
  <Point><coordinates>101.68175079999999,14.438699199999999</coordinates></Point></Placemark>
<Placemark>
<name>ม.2</name><ExtendedData>
  <Data name="address"><value>CMRG+F8M โรงเรียนบ้านท่าวังไทรสามัคคี ตำบล วังหมี อำเภอวังน้ำเขียว นครราชสีมา 30370 ไทย</value></Data></ExtendedData>
  <Point><coordinates>101.67579959999999,14.4412019</coordinates></Point></Placemark>
<Placemark>
<name>89 ม.12</name><ExtendedData>
  <Data name="address"><value></value></Data></ExtendedData>
  <Point><coordinates>101.7050981,14.385720699999998</coordinates></Point></Placemark>
<Placemark>
<name>77 ม.21</name><ExtendedData>
  <Data name="address"><value></value></Data></ExtendedData>
  <Point><coordinates>101.67812719999999,14.4248727</coordinates></Point></Placemark>
<Placemark>
<name>75 ม.2</name><ExtendedData>
  <Data name="address"><value></value></Data></ExtendedData>
  <Point><coordinates>101.67865019999999,14.444654199999999</coordinates></Point></Placemark>
<Placemark>
<name>166 ม.22</name><ExtendedData>
  <Data name="address"><value></value></Data></ExtendedData>
  <Point><coordinates>101.71982279999999,14.3699964</coordinates></Point></Placemark>
<Placemark>
<name>242 ม.5</name><ExtendedData>
  <Data name="address"><value></value></Data></ExtendedData>
  <Point><coordinates>101.6862415,14.4058379</coordinates></Point></Placemark>
<Placemark>
<name>145 ม.19</name><ExtendedData>
  <Data name="address"><value></value></Data></ExtendedData>
  <Point><coordinates>101.66172309999999,14.4599415</coordinates></Point></Placemark>
<Placemark>
<name>68 ม.10</name><ExtendedData>
  <Data name="address"><value></value></Data></ExtendedData>
  <Point><coordinates>101.7107978,14.3870343</coordinates></Point></Placemark>
<Placemark>
<name>13 ม.5</name><ExtendedData>
  <Data name="address"><value></value></Data></ExtendedData>
  <Point><coordinates>101.6869164,14.4114755</coordinates></Point></Placemark>
<Placemark>
<name>181 ม.12</name><ExtendedData>
  <Data name="address"><value></value></Data></ExtendedData>
  <Point><coordinates>101.7014543,14.386623799999999</coordinates></Point></Placemark>
<Placemark>
<name>95 ม.12</name><ExtendedData>
  <Data name="address"><value></value></Data></ExtendedData>
  <Point><coordinates>101.6910403,14.3911214</coordinates></Point></Placemark>
<Placemark>
<name>152 ม.10</name><ExtendedData>
  <Data name="address"><value></value></Data></ExtendedData>
  <Point><coordinates>101.7249059,14.384974999999999</coordinates></Point></Placemark>
<Placemark>
<name>ม.10 ป้าญาหมูกระทะ</name><ExtendedData>
  <Data name="address"><value></value></Data></ExtendedData>
  <Point><coordinates>101.71334519999999,14.3783049</coordinates></Point></Placemark>
<Placemark>
<name>114 ม.19</name><ExtendedData>
  <Data name="address"><value></value></Data></ExtendedData>
  <Point><coordinates>101.654741,14.447835099999999</coordinates></Point></Placemark>
<Placemark>
<name>207 ม.2 ฝากได้</name><ExtendedData>
  <Data name="address"><value></value></Data></ExtendedData>
  <Point><coordinates>101.6786753,14.439333999999999</coordinates></Point></Placemark>
<Placemark>
<name>204/265 ม.5</name><ExtendedData>
  <Data name="address"><value></value></Data></ExtendedData>
  <Point><coordinates>101.687525,14.407624199999999</coordinates></Point></Placemark>
<Placemark>
<name>171 ม.12</name><ExtendedData>
  <Data name="address"><value></value></Data></ExtendedData>
  <Point><coordinates>101.6923777,14.392954999999999</coordinates></Point></Placemark>
<Placemark>
<name>143 ม.1</name><ExtendedData>
  <Data name="address"><value></value></Data></ExtendedData>
  <Point><coordinates>101.65991299999999,14.4688553</coordinates></Point></Placemark>
<Placemark>
<name>51 ม.7</name><ExtendedData>
  <Data name="address"><value></value></Data></ExtendedData>
  <Point><coordinates>101.642196,14.454678699999999</coordinates></Point></Placemark>
<Placemark>
<name>154 ม.10</name><ExtendedData>
  <Data name="address"><value></value></Data></ExtendedData>
  <Point><coordinates>101.729472,14.3821973</coordinates></Point></Placemark>
<Placemark>
<name>34 ม.1</name><ExtendedData>
  <Data name="address"><value></value></Data></ExtendedData>
  <Point><coordinates>101.66015329999999,14.4655586</coordinates></Point></Placemark>
<Placemark>
<name>176 ม.5</name><ExtendedData>
  <Data name="address"><value></value></Data></ExtendedData>
  <Point><coordinates>101.6816911,14.4076119</coordinates></Point></Placemark>
<Placemark>
<name>208 ม.5</name><ExtendedData>
  <Data name="address"><value></value></Data></ExtendedData>
  <Point><coordinates>101.68661,14.412052899999999</coordinates></Point></Placemark>
<Placemark>
<name>49 ม.21</name><ExtendedData>
  <Data name="address"><value></value></Data></ExtendedData>
  <Point><coordinates>101.67771479999999,14.4321291</coordinates></Point></Placemark>
<Placemark>
<name>46 ม.21</name><ExtendedData>
  <Data name="address"><value></value></Data></ExtendedData>
  <Point><coordinates>101.6782214,14.4334957</coordinates></Point></Placemark>
<Placemark>
<name>318 ม.12</name><ExtendedData>
  <Data name="address"><value></value></Data></ExtendedData>
  <Point><coordinates>101.6879383,14.392952999999999</coordinates></Point></Placemark>
<Placemark>
<name>29/1 ม.2</name><ExtendedData>
  <Data name="address"><value></value></Data></ExtendedData>
  <Point><coordinates>101.67558509999999,14.442908399999999</coordinates></Point></Placemark>
<Placemark>
<name>39 ม.19</name><ExtendedData>
  <Data name="address"><value></value></Data></ExtendedData>
  <Point><coordinates>101.661754,14.459684</coordinates></Point></Placemark>
<Placemark>
<name>456 ม.12 สวนคุณเอก</name><ExtendedData>
  <Data name="address"><value></value></Data></ExtendedData>
  <Point><coordinates>101.7163617,14.3942309</coordinates></Point></Placemark>
<Placemark>
<name>131 ม.2</name><ExtendedData>
  <Data name="address"><value></value></Data></ExtendedData>
  <Point><coordinates>101.67459099999999,14.443722999999999</coordinates></Point></Placemark>
<Placemark>
<name>129 ม.10</name><ExtendedData>
  <Data name="address"><value></value></Data></ExtendedData>
  <Point><coordinates>101.7227357,14.372194499999999</coordinates></Point></Placemark>
<Placemark>
<name>124 ม.10</name><ExtendedData>
  <Data name="address"><value></value></Data></ExtendedData>
  <Point><coordinates>101.7226166,14.3725495</coordinates></Point></Placemark>
<Placemark>
<name>32 ม.10</name><ExtendedData>
  <Data name="address"><value></value></Data></ExtendedData>
  <Point><coordinates>101.7377453,14.3796728</coordinates></Point></Placemark>
<Placemark>
<name>74 ม.2</name><ExtendedData>
  <Data name="address"><value></value></Data></ExtendedData>
  <Point><coordinates>101.675967,14.4436036</coordinates></Point></Placemark>
<Placemark>
<name>182 ม.22</name><ExtendedData>
  <Data name="address"><value></value></Data></ExtendedData>
  <Point><coordinates>101.7193494,14.3708759</coordinates></Point></Placemark>
<Placemark>
<name>202 ม.10</name><ExtendedData>
  <Data name="address"><value></value></Data></ExtendedData>
  <Point><coordinates>101.72372469999999,14.372633299999999</coordinates></Point></Placemark>
<Placemark>
<name>43 ม.2</name><ExtendedData>
  <Data name="address"><value></value></Data></ExtendedData>
  <Point><coordinates>101.6775347,14.4437435</coordinates></Point></Placemark>
<Placemark>
<name>32 ม.2</name><ExtendedData>
  <Data name="address"><value></value></Data></ExtendedData>
  <Point><coordinates>101.67447399999999,14.4417201</coordinates></Point></Placemark>
<Placemark>
<name>20 ม.12</name><ExtendedData>
  <Data name="address"><value></value></Data></ExtendedData>
  <Point><coordinates>101.6884694,14.3933856</coordinates></Point></Placemark>
<Placemark>
<name>99/1 ม.12</name><ExtendedData>
  <Data name="address"><value></value></Data></ExtendedData>
  <Point><coordinates>101.6976791,14.3887994</coordinates></Point></Placemark>
<Placemark>
<name>86 ม.16</name><ExtendedData>
  <Data name="address"><value></value></Data></ExtendedData>
  <Point><coordinates>101.73440629999999,14.363687299999999</coordinates></Point></Placemark>
<Placemark>
<name>2 ม.10 ฝากได้</name><ExtendedData>
  <Data name="address"><value></value></Data></ExtendedData>
  <Point><coordinates>101.71806889999999,14.3757895</coordinates></Point></Placemark>
<Placemark>
<name>147 ม.1</name><ExtendedData>
  <Data name="address"><value></value></Data></ExtendedData>
  <Point><coordinates>101.65838339999999,14.4604944</coordinates></Point></Placemark>
<Placemark>
<name>237 ม.5</name><ExtendedData>
  <Data name="address"><value></value></Data></ExtendedData>
  <Point><coordinates>101.6928441,14.4063701</coordinates></Point></Placemark>
<Placemark>
<name>29/1 ม.7</name><ExtendedData>
  <Data name="address"><value></value></Data></ExtendedData>
  <Point><coordinates>101.64403899999999,14.4517425</coordinates></Point></Placemark>
<Placemark>
<name>219 ม.2</name><ExtendedData>
  <Data name="address"><value></value></Data></ExtendedData>
  <Point><coordinates>101.6750091,14.444153199999999</coordinates></Point></Placemark>
<Placemark>
<name>96 ม.10</name><ExtendedData>
  <Data name="address"><value></value></Data></ExtendedData>
  <Point><coordinates>101.7105655,14.3873055</coordinates></Point></Placemark>
<Placemark>
<name>205 ม.5</name><ExtendedData>
  <Data name="address"><value></value></Data></ExtendedData>
  <Point><coordinates>101.6838101,14.407527799999999</coordinates></Point></Placemark>
<Placemark>
<name>66 ม.21</name><ExtendedData>
  <Data name="address"><value></value></Data></ExtendedData>
  <Point><coordinates>101.680106,14.4298484</coordinates></Point></Placemark>
<Placemark>
<name>122 ม.2</name><ExtendedData>
  <Data name="address"><value></value></Data></ExtendedData>
  <Point><coordinates>101.6722662,14.446333099999999</coordinates></Point></Placemark>
<Placemark>
<name>46/3 ม.2</name><ExtendedData>
  <Data name="address"><value></value></Data></ExtendedData>
  <Point><coordinates>101.6749645,14.444451899999999</coordinates></Point></Placemark>
<Placemark>
<name>75 ม.22</name><ExtendedData>
  <Data name="address"><value></value></Data></ExtendedData>
  <Point><coordinates>101.7178161,14.3706424</coordinates></Point></Placemark>
<Placemark>
<name>245/1 ม.5</name><ExtendedData>
  <Data name="address"><value></value></Data></ExtendedData>
  <Point><coordinates>101.68548949999999,14.407067</coordinates></Point></Placemark>
<Placemark>
<name>ม.21</name><ExtendedData>
  <Data name="address"><value>วัดสวนป่าสิริธโร บ้านวังไผ่ทอง ต.วังหมี อ.วังน้ำเขียว นครราชสีมา 30370 ไทย</value></Data></ExtendedData>
  <Point><coordinates>101.66605709999999,14.421009</coordinates></Point></Placemark>
<Placemark>
<name>187/1 ม.5</name><ExtendedData>
  <Data name="address"><value></value></Data></ExtendedData>
  <Point><coordinates>101.6858546,14.4072774</coordinates></Point></Placemark>
<Placemark>
<name>187 ม.10</name><ExtendedData>
  <Data name="address"><value></value></Data></ExtendedData>
  <Point><coordinates>101.7107743,14.3869268</coordinates></Point></Placemark>
<Placemark>
<name>131 ม.2</name><ExtendedData>
  <Data name="address"><value></value></Data></ExtendedData>
  <Point><coordinates>101.6769815,14.4436623</coordinates></Point></Placemark>
<Placemark>
<name>9/3 ม.21</name><ExtendedData>
  <Data name="address"><value></value></Data></ExtendedData>
  <Point><coordinates>101.6767623,14.4315141</coordinates></Point></Placemark>
<Placemark>
<name>158 ม.5</name><ExtendedData>
  <Data name="address"><value></value></Data></ExtendedData>
  <Point><coordinates>101.682644,14.4177865</coordinates></Point></Placemark>
<Placemark>
<name>254 ม.2</name><ExtendedData>
  <Data name="address"><value></value></Data></ExtendedData>
  <Point><coordinates>101.6820321,14.443897999999999</coordinates></Point></Placemark>
<Placemark>
<name>218 ม.2</name><ExtendedData>
  <Data name="address"><value></value></Data></ExtendedData>
  <Point><coordinates>101.67678269999999,14.443689599999999</coordinates></Point></Placemark>
<Placemark>
<name>104 ม.21</name><ExtendedData>
  <Data name="address"><value></value></Data></ExtendedData>
  <Point><coordinates>101.67121709999999,14.4215369</coordinates></Point></Placemark>
<Placemark>
<name>287 ม.12</name><ExtendedData>
  <Data name="address"><value></value></Data></ExtendedData>
  <Point><coordinates>101.6886931,14.393876599999999</coordinates></Point></Placemark>
<Placemark>
<name>44 ม.12</name><ExtendedData>
  <Data name="address"><value></value></Data></ExtendedData>
  <Point><coordinates>101.6882679,14.393855799999999</coordinates></Point></Placemark>
<Placemark>
<name>252 ม.10</name><ExtendedData>
  <Data name="address"><value>Dhanhill Resort Unnamed Rd Tambon Wang Mi Amphoe Wang Nam Khiao Chang Wat Nakhon Ratchasima 30370 ไทย</value></Data></ExtendedData>
  <Point><coordinates>101.73285829999999,14.372242199999999</coordinates></Point></Placemark>
<Placemark>
<name>65 ม.1</name><ExtendedData>
  <Data name="address"><value></value></Data></ExtendedData>
  <Point><coordinates>101.6581772,14.4603405</coordinates></Point></Placemark>
<Placemark>
<name>86 ม.5 ฟากโคกสูง</name><ExtendedData>
  <Data name="address"><value></value></Data></ExtendedData>
  <Point><coordinates>101.68660059999999,14.4103487</coordinates></Point></Placemark>
<Placemark>
<name>2 ม.8</name><ExtendedData>
  <Data name="address"><value></value></Data></ExtendedData>
  <Point><coordinates>101.6499261,14.467735999999999</coordinates></Point></Placemark>
<Placemark>
<name>257 ม.10</name><ExtendedData>
  <Data name="address"><value></value></Data></ExtendedData>
  <Point><coordinates>101.72348939999999,14.369326599999999</coordinates></Point></Placemark>
<Placemark>
<name>บ้านผู้ช่วยบุ๋ม</name><ExtendedData>
  <Data name="address"><value></value></Data></ExtendedData>
  <Point><coordinates>101.73353589999999,14.3632979</coordinates></Point></Placemark>
<Placemark>
<name>11/1 ม.10</name><ExtendedData>
  <Data name="address"><value></value></Data></ExtendedData>
  <Point><coordinates>101.72787009999999,14.3750938</coordinates></Point></Placemark>
<Placemark>
<name>125 ม.16</name><ExtendedData>
  <Data name="address"><value></value></Data></ExtendedData>
  <Point><coordinates>101.7243192,14.3617966</coordinates></Point></Placemark>
<Placemark>
<name>444 ม.12</name><ExtendedData>
  <Data name="address"><value></value></Data></ExtendedData>
  <Point><coordinates>101.7029688,14.377854399999999</coordinates></Point></Placemark>
<Placemark>
<name>127 ม.2</name><ExtendedData>
  <Data name="address"><value></value></Data></ExtendedData>
  <Point><coordinates>101.67693829999999,14.4434334</coordinates></Point></Placemark>
<Placemark>
<name>237 ม.10</name><ExtendedData>
  <Data name="address"><value></value></Data></ExtendedData>
  <Point><coordinates>101.73877999999999,14.3791184</coordinates></Point></Placemark>
<Placemark>
<name>52 ม.5</name><ExtendedData>
  <Data name="address"><value></value></Data></ExtendedData>
  <Point><coordinates>101.6858087,14.4101156</coordinates></Point></Placemark>
<Placemark>
<name>184 ม.22</name><ExtendedData>
  <Data name="address"><value></value></Data></ExtendedData>
  <Point><coordinates>101.7158853,14.3681915</coordinates></Point></Placemark>
<Placemark>
<name>65 ม.8/1</name><ExtendedData>
  <Data name="address"><value></value></Data></ExtendedData>
  <Point><coordinates>101.6492294,14.467489599999999</coordinates></Point></Placemark>
<Placemark>
<name>21 ม.7</name><ExtendedData>
  <Data name="address"><value></value></Data></ExtendedData>
  <Point><coordinates>101.64028689999999,14.4637367</coordinates></Point></Placemark>
<Placemark>
<name>278 ม.5</name><ExtendedData>
  <Data name="address"><value></value></Data></ExtendedData>
  <Point><coordinates>101.6790716,14.4184723</coordinates></Point></Placemark>
<Placemark>
<name>320 ม.2</name><ExtendedData>
  <Data name="address"><value></value></Data></ExtendedData>
  <Point><coordinates>101.6738879,14.443999999999999</coordinates></Point></Placemark>
<Placemark>
<name>179 ม.22</name><ExtendedData>
  <Data name="address"><value></value></Data></ExtendedData>
  <Point><coordinates>101.7187532,14.3707119</coordinates></Point></Placemark>
<Placemark>
<name>128 ม.16</name><ExtendedData>
  <Data name="address"><value>วัดป่ารัตนวัน 128, ตำบล วังหมี อำเภอวังน้ำเขียว นครราชสีมา 30370 ไทย</value></Data></ExtendedData>
  <Point><coordinates>101.738787,14.3622406</coordinates></Point></Placemark>
<Placemark>
<name>98 ม.22</name><ExtendedData>
  <Data name="address"><value></value></Data></ExtendedData>
  <Point><coordinates>101.7090621,14.3724891</coordinates></Point></Placemark>
<Placemark>
<name>32/1 ม.21</name><ExtendedData>
  <Data name="address"><value></value></Data></ExtendedData>
  <Point><coordinates>101.6808047,14.426195499999999</coordinates></Point></Placemark>
<Placemark>
<name>104 ม.12</name><ExtendedData>
  <Data name="address"><value></value></Data></ExtendedData>
  <Point><coordinates>101.6866311,14.3934327</coordinates></Point></Placemark>
<Placemark>
<name>294 ม.10</name><ExtendedData>
  <Data name="address"><value></value></Data></ExtendedData>
  <Point><coordinates>101.72470709999999,14.3722341</coordinates></Point></Placemark>
<Placemark>
<name>291 ม.2</name><ExtendedData>
  <Data name="address"><value></value></Data></ExtendedData>
  <Point><coordinates>101.67232349999999,14.4462432</coordinates></Point></Placemark>
<Placemark>
<name>156 ม.5</name><ExtendedData>
  <Data name="address"><value></value></Data></ExtendedData>
  <Point><coordinates>101.68509859999999,14.411564799999999</coordinates></Point></Placemark>
<Placemark>
<name>229 ม.10</name><ExtendedData>
  <Data name="address"><value></value></Data></ExtendedData>
  <Point><coordinates>101.71142809999999,14.389508699999999</coordinates></Point></Placemark>
<Placemark>
<name>7 ม.12</name><ExtendedData>
  <Data name="address"><value></value></Data></ExtendedData>
  <Point><coordinates>101.7014832,14.3870899</coordinates></Point></Placemark>
<Placemark>
<name>357 ม.12</name><ExtendedData>
  <Data name="address"><value></value></Data></ExtendedData>
  <Point><coordinates>101.6834939,14.399947099999999</coordinates></Point></Placemark>
<Placemark>
<name>36 ม.21</name><ExtendedData>
  <Data name="address"><value></value></Data></ExtendedData>
  <Point><coordinates>101.66993099999999,14.4202783</coordinates></Point></Placemark>
<Placemark>
<name>171 ม.10</name><ExtendedData>
  <Data name="address"><value></value></Data></ExtendedData>
  <Point><coordinates>101.7288471,14.382988399999999</coordinates></Point></Placemark>
<Placemark>
<name>43 ม.21</name><ExtendedData>
  <Data name="address"><value></value></Data></ExtendedData>
  <Point><coordinates>101.6782851,14.432440199999998</coordinates></Point></Placemark>
<Placemark>
<name>335 ม.5</name><ExtendedData>
  <Data name="address"><value></value></Data></ExtendedData>
  <Point><coordinates>101.68660059999999,14.4108995</coordinates></Point></Placemark>
<Placemark>
<name>115 ม.10</name><ExtendedData>
  <Data name="address"><value></value></Data></ExtendedData>
  <Point><coordinates>101.7224332,14.3748525</coordinates></Point></Placemark>
<Placemark>
<name>198 ม.5</name><ExtendedData>
  <Data name="address"><value></value></Data></ExtendedData>
  <Point><coordinates>101.68275969999999,14.4177628</coordinates></Point></Placemark>
<Placemark>
<name>294 ม.12</name><ExtendedData>
  <Data name="address"><value></value></Data></ExtendedData>
  <Point><coordinates>101.71356279999999,14.4004982</coordinates></Point></Placemark>
<Placemark>
<name>240 ม.2</name><ExtendedData>
  <Data name="address"><value></value></Data></ExtendedData>
  <Point><coordinates>101.6802213,14.443188899999999</coordinates></Point></Placemark>
<Placemark>
<name>65 ม.22</name><ExtendedData>
  <Data name="address"><value></value></Data></ExtendedData>
  <Point><coordinates>101.71584709999999,14.367655599999999</coordinates></Point></Placemark>
<Placemark>
<name>176 ม.10</name><ExtendedData>
  <Data name="address"><value></value></Data></ExtendedData>
  <Point><coordinates>101.7365876,14.3790912</coordinates></Point></Placemark>
<Placemark>
<name>175 ม.22</name><ExtendedData>
  <Data name="address"><value></value></Data></ExtendedData>
  <Point><coordinates>101.71966959999999,14.370872299999998</coordinates></Point></Placemark>
<Placemark>
<name>171 ม.1</name><ExtendedData>
  <Data name="address"><value></value></Data></ExtendedData>
  <Point><coordinates>101.6578265,14.460022299999999</coordinates></Point></Placemark>
<Placemark>
<name>340 ม.12</name><ExtendedData>
  <Data name="address"><value></value></Data></ExtendedData>
  <Point><coordinates>101.7070504,14.381483399999999</coordinates></Point></Placemark>
<Placemark>
<name>69 ม.2</name><ExtendedData>
  <Data name="address"><value></value></Data></ExtendedData>
  <Point><coordinates>101.6740643,14.4427737</coordinates></Point></Placemark>
<Placemark>
<name>77 ม.5</name><ExtendedData>
  <Data name="address"><value></value></Data></ExtendedData>
  <Point><coordinates>101.6873328,14.4072868</coordinates></Point></Placemark>
<Placemark>
<name>60 ม.12</name><ExtendedData>
  <Data name="address"><value></value></Data></ExtendedData>
  <Point><coordinates>101.6901676,14.3954624</coordinates></Point></Placemark>
<Placemark>
<name>87 ม.16</name><ExtendedData>
  <Data name="address"><value></value></Data></ExtendedData>
  <Point><coordinates>101.7323199,14.363487899999999</coordinates></Point></Placemark>
<Placemark>
<name>145 ม.5</name><ExtendedData>
  <Data name="address"><value></value></Data></ExtendedData>
  <Point><coordinates>101.68711929999999,14.410212999999999</coordinates></Point></Placemark>
<Placemark>
<name>102 ม.1</name><ExtendedData>
  <Data name="address"><value></value></Data></ExtendedData>
  <Point><coordinates>101.6577216,14.460514199999999</coordinates></Point></Placemark>
<Placemark>
<name>112 ม.10</name><ExtendedData>
  <Data name="address"><value></value></Data></ExtendedData>
  <Point><coordinates>101.7287978,14.3841001</coordinates></Point></Placemark>
<Placemark>
<name>63 ม.16</name><ExtendedData>
  <Data name="address"><value></value></Data></ExtendedData>
  <Point><coordinates>101.73075109999999,14.3647412</coordinates></Point></Placemark>
<Placemark>
<name>271 ม.2</name><ExtendedData>
  <Data name="address"><value></value></Data></ExtendedData>
  <Point><coordinates>101.6769668,14.4439614</coordinates></Point></Placemark>
<Placemark>
<name>285 ม.5</name><ExtendedData>
  <Data name="address"><value></value></Data></ExtendedData>
  <Point><coordinates>101.6839432,14.409834</coordinates></Point></Placemark>
<Placemark>
<name>148 ม.5</name><ExtendedData>
  <Data name="address"><value></value></Data></ExtendedData>
  <Point><coordinates>101.68250119999999,14.4079746</coordinates></Point></Placemark>
<Placemark>
<name>48 ม.1</name><ExtendedData>
  <Data name="address"><value></value></Data></ExtendedData>
  <Point><coordinates>101.6606553,14.4641288</coordinates></Point></Placemark>
<Placemark>
<name>350 ม.5</name><ExtendedData>
  <Data name="address"><value></value></Data></ExtendedData>
  <Point><coordinates>101.6829458,14.4070348</coordinates></Point></Placemark>
<Placemark>
<name>82/2 ม.7</name><ExtendedData>
  <Data name="address"><value></value></Data></ExtendedData>
  <Point><coordinates>101.6517906,14.463510699999999</coordinates></Point></Placemark>
<Placemark>
<name>215 ม.10</name><ExtendedData>
  <Data name="address"><value></value></Data></ExtendedData>
  <Point><coordinates>101.7252626,14.373709</coordinates></Point></Placemark>
<Placemark>
<name>275 ม.10</name><ExtendedData>
  <Data name="address"><value></value></Data></ExtendedData>
  <Point><coordinates>101.72805249999999,14.382575899999999</coordinates></Point></Placemark>
<Placemark>
<name>246 ม.19</name><ExtendedData>
  <Data name="address"><value></value></Data></ExtendedData>
  <Point><coordinates>101.66311449999999,14.4585376</coordinates></Point></Placemark>
<Placemark>
<name>46 ม.8</name><ExtendedData>
  <Data name="address"><value></value></Data></ExtendedData>
  <Point><coordinates>101.65124639999999,14.4657355</coordinates></Point></Placemark>
<Placemark>
<name>18 ม.5</name><ExtendedData>
  <Data name="address"><value></value></Data></ExtendedData>
  <Point><coordinates>101.6864269,14.4108033</coordinates></Point></Placemark>
<Placemark>
<name>99 ม.16</name><ExtendedData>
  <Data name="address"><value></value></Data></ExtendedData>
  <Point><coordinates>101.7240094,14.3596156</coordinates></Point></Placemark>
<Placemark>
<name>60 ม.1</name><ExtendedData>
  <Data name="address"><value></value></Data></ExtendedData>
  <Point><coordinates>101.660781,14.4645447</coordinates></Point></Placemark>
<Placemark>
<name>58 ม.2</name><ExtendedData>
  <Data name="address"><value></value></Data></ExtendedData>
  <Point><coordinates>101.67875409999999,14.4392356</coordinates></Point></Placemark>
<Placemark>
<name>79 ม.12</name><ExtendedData>
  <Data name="address"><value></value></Data></ExtendedData>
  <Point><coordinates>101.68755279999999,14.3931284</coordinates></Point></Placemark>
<Placemark>
<name>37 ม.12</name><ExtendedData>
  <Data name="address"><value></value></Data></ExtendedData>
  <Point><coordinates>101.70138899999999,14.387354499999999</coordinates></Point></Placemark>
<Placemark>
<name>368 ม.5</name><ExtendedData>
  <Data name="address"><value></value></Data></ExtendedData>
  <Point><coordinates>101.68427109999999,14.407322899999999</coordinates></Point></Placemark>
<Placemark>
<name>15 ม.2</name><ExtendedData>
  <Data name="address"><value></value></Data></ExtendedData>
  <Point><coordinates>101.6769467,14.4356575</coordinates></Point></Placemark>
<Placemark>
<name>188 ม.10</name><ExtendedData>
  <Data name="address"><value></value></Data></ExtendedData>
  <Point><coordinates>101.72927519999999,14.382339199999999</coordinates></Point></Placemark>
<Placemark>
<name>252 ม.5</name><ExtendedData>
  <Data name="address"><value></value></Data></ExtendedData>
  <Point><coordinates>101.68334139999999,14.406591299999999</coordinates></Point></Placemark>
<Placemark>
<name>225 ม.5</name><ExtendedData>
  <Data name="address"><value></value></Data></ExtendedData>
  <Point><coordinates>101.6805753,14.407372599999999</coordinates></Point></Placemark>
<Placemark>
<name>99/13 ม.21</name><ExtendedData>
  <Data name="address"><value></value></Data></ExtendedData>
  <Point><coordinates>101.6765836,14.431851799999999</coordinates></Point></Placemark>
<Placemark>
<name>247 ม.5</name><ExtendedData>
  <Data name="address"><value></value></Data></ExtendedData>
  <Point><coordinates>101.6849202,14.4092092</coordinates></Point></Placemark>
<Placemark>
<name>111 ม.19</name><ExtendedData>
  <Data name="address"><value></value></Data></ExtendedData>
  <Point><coordinates>101.6556372,14.4474591</coordinates></Point></Placemark>
<Placemark>
<name>389 ม.5 ลานกรีนใหม่</name><ExtendedData>
  <Data name="address"><value></value></Data></ExtendedData>
  <Point><coordinates>101.69436189999999,14.412374699999999</coordinates></Point></Placemark>
<Placemark>
<name>141 ม.1</name><ExtendedData>
  <Data name="address"><value></value></Data></ExtendedData>
  <Point><coordinates>101.6591103,14.4621946</coordinates></Point></Placemark>
<Placemark>
<name>97 ม.2</name><ExtendedData>
  <Data name="address"><value></value></Data></ExtendedData>
  <Point><coordinates>101.6740291,14.443053899999999</coordinates></Point></Placemark>
<Placemark>
<name>106 ม.12</name><ExtendedData>
  <Data name="address"><value></value></Data></ExtendedData>
  <Point><coordinates>101.6917146,14.393505399999999</coordinates></Point></Placemark>
<Placemark>
<name>86 ม.12</name><ExtendedData>
  <Data name="address"><value></value></Data></ExtendedData>
  <Point><coordinates>101.6890961,14.393229999999999</coordinates></Point></Placemark>
<Placemark>
<name>195 ม.12</name><ExtendedData>
  <Data name="address"><value></value></Data></ExtendedData>
  <Point><coordinates>101.70799489999999,14.406372399999999</coordinates></Point></Placemark>
<Placemark>
<name>220 ม.16</name><ExtendedData>
  <Data name="address"><value></value></Data></ExtendedData>
  <Point><coordinates>101.72753139999999,14.3642372</coordinates></Point></Placemark>
<Placemark>
<name>112 ม.12</name><ExtendedData>
  <Data name="address"><value></value></Data></ExtendedData>
  <Point><coordinates>101.7019519,14.3871243</coordinates></Point></Placemark>
<Placemark>
<name>77 ม.7</name><ExtendedData>
  <Data name="address"><value></value></Data></ExtendedData>
  <Point><coordinates>101.65174259999999,14.4634854</coordinates></Point></Placemark>
<Placemark>
<name>201 ม.16</name><ExtendedData>
  <Data name="address"><value></value></Data></ExtendedData>
  <Point><coordinates>101.7233864,14.3616917</coordinates></Point></Placemark>
<Placemark>
<name>70 ม.10</name><ExtendedData>
  <Data name="address"><value></value></Data></ExtendedData>
  <Point><coordinates>101.72858389999999,14.383616799999999</coordinates></Point></Placemark>
<Placemark>
<name>51 ม.10</name><ExtendedData>
  <Data name="address"><value></value></Data></ExtendedData>
  <Point><coordinates>101.7242125,14.372697899999999</coordinates></Point></Placemark>
<Placemark>
<name>215 ม.12</name><ExtendedData>
  <Data name="address"><value></value></Data></ExtendedData>
  <Point><coordinates>101.70078009999999,14.387041799999999</coordinates></Point></Placemark>
<Placemark>
<name>13 ม.19</name><ExtendedData>
  <Data name="address"><value></value></Data></ExtendedData>
  <Point><coordinates>101.65768709999999,14.4523801</coordinates></Point></Placemark>
<Placemark>
<name>98 ม.21</name><ExtendedData>
  <Data name="address"><value></value></Data></ExtendedData>
  <Point><coordinates>101.67911219999999,14.433166799999999</coordinates></Point></Placemark>
<Placemark>
<name>28 ม.2 น้ำฝน เศียรนอก</name><ExtendedData>
  <Data name="address"><value></value></Data></ExtendedData>
  <Point><coordinates>101.67440219999999,14.4423886</coordinates></Point></Placemark>
<Placemark>
<name>8 ม.8</name><ExtendedData>
  <Data name="address"><value></value></Data></ExtendedData>
  <Point><coordinates>101.65033609999999,14.4666552</coordinates></Point></Placemark>
<Placemark>
<name>84 ม.10</name><ExtendedData>
  <Data name="address"><value></value></Data></ExtendedData>
  <Point><coordinates>101.7234934,14.3781669</coordinates></Point></Placemark>
<Placemark>
<name>167 ม.5</name><ExtendedData>
  <Data name="address"><value></value></Data></ExtendedData>
  <Point><coordinates>101.68422989999999,14.4103861</coordinates></Point></Placemark>
<Placemark>
<name>37 ม.7</name><ExtendedData>
  <Data name="address"><value></value></Data></ExtendedData>
  <Point><coordinates>101.6426697,14.457885399999999</coordinates></Point></Placemark>
<Placemark>
<name>75 ม.1</name><ExtendedData>
  <Data name="address"><value></value></Data></ExtendedData>
  <Point><coordinates>101.6607786,14.465613099999999</coordinates></Point></Placemark>
<Placemark>
<name>83 ม.19</name><ExtendedData>
  <Data name="address"><value></value></Data></ExtendedData>
  <Point><coordinates>101.6661132,14.4625595</coordinates></Point></Placemark>
<Placemark>
<name>146 ม.5</name><ExtendedData>
  <Data name="address"><value></value></Data></ExtendedData>
  <Point><coordinates>101.688451,14.4106829</coordinates></Point></Placemark>
<Placemark>
<name>193 ม.12</name><ExtendedData>
  <Data name="address"><value></value></Data></ExtendedData>
  <Point><coordinates>101.6912646,14.393835699999999</coordinates></Point></Placemark>
<Placemark>
<name>44 ม.16</name><ExtendedData>
  <Data name="address"><value></value></Data></ExtendedData>
  <Point><coordinates>101.73436339999999,14.3637415</coordinates></Point></Placemark>
<Placemark>
<name>129 ม.22</name><ExtendedData>
  <Data name="address"><value></value></Data></ExtendedData>
  <Point><coordinates>101.7260901,14.3738187</coordinates></Point></Placemark>
<Placemark>
<name>60 ม.2</name><ExtendedData>
  <Data name="address"><value></value></Data></ExtendedData>
  <Point><coordinates>101.6784356,14.4446234</coordinates></Point></Placemark>
<Placemark>
<name>140 ม.16</name><ExtendedData>
  <Data name="address"><value></value></Data></ExtendedData>
  <Point><coordinates>101.7246397,14.361214299999999</coordinates></Point></Placemark>
<Placemark>
<name>155 ม.22</name><ExtendedData>
  <Data name="address"><value></value></Data></ExtendedData>
  <Point><coordinates>101.7194959,14.371592</coordinates></Point></Placemark>
<Placemark>
<name>316 ม.12</name><ExtendedData>
  <Data name="address"><value></value></Data></ExtendedData>
  <Point><coordinates>101.6853587,14.3908226</coordinates></Point></Placemark>
<Placemark>
<name>207 ม.2</name><ExtendedData>
  <Data name="address"><value></value></Data></ExtendedData>
  <Point><coordinates>101.6777164,14.443502299999999</coordinates></Point></Placemark>
<Placemark>
<name>89/5 ม.5</name><ExtendedData>
  <Data name="address"><value></value></Data></ExtendedData>
  <Point><coordinates>101.682248,14.4067455</coordinates></Point></Placemark>
<Placemark>
<name>63/1 ม.10</name><ExtendedData>
  <Data name="address"><value></value></Data></ExtendedData>
  <Point><coordinates>101.7225046,14.372580699999999</coordinates></Point></Placemark>
<Placemark>
<name>62 ม.21</name><ExtendedData>
  <Data name="address"><value></value></Data></ExtendedData>
  <Point><coordinates>101.6790589,14.4332947</coordinates></Point></Placemark>
<Placemark>
<name>140 ม.10</name><ExtendedData>
  <Data name="address"><value></value></Data></ExtendedData>
  <Point><coordinates>101.7378945,14.379794599999999</coordinates></Point></Placemark>
<Placemark>
<name>262 ม.1</name><ExtendedData>
  <Data name="address"><value></value></Data></ExtendedData>
  <Point><coordinates>101.6591914,14.462800699999999</coordinates></Point></Placemark>
<Placemark>
<name>21 ม.1</name><ExtendedData>
  <Data name="address"><value></value></Data></ExtendedData>
  <Point><coordinates>101.6568609,14.4613605</coordinates></Point></Placemark>
<Placemark>
<name>118 ม.8</name><ExtendedData>
  <Data name="address"><value></value></Data></ExtendedData>
  <Point><coordinates>101.6515465,14.4647781</coordinates></Point></Placemark>
<Placemark>
<name>134 ม.16</name><ExtendedData>
  <Data name="address"><value></value></Data></ExtendedData>
  <Point><coordinates>101.7251221,14.3672282</coordinates></Point></Placemark>
<Placemark>
<name>328 ม.5</name><ExtendedData>
  <Data name="address"><value></value></Data></ExtendedData>
  <Point><coordinates>101.6869188,14.4104624</coordinates></Point></Placemark>
<Placemark>
<name>367 ม.12</name><ExtendedData>
  <Data name="address"><value></value></Data></ExtendedData>
  <Point><coordinates>101.7029721,14.4037229</coordinates></Point></Placemark>
<Placemark>
<name>36 ม.12</name><ExtendedData>
  <Data name="address"><value></value></Data></ExtendedData>
  <Point><coordinates>101.68888249999999,14.393326199999999</coordinates></Point></Placemark>
<Placemark>
<name>344 ม.5 ฝากได้</name><ExtendedData>
  <Data name="address"><value></value></Data></ExtendedData>
  <Point><coordinates>101.6821193,14.407829099999999</coordinates></Point></Placemark>
<Placemark>
<name>215 ม.2</name><ExtendedData>
  <Data name="address"><value></value></Data></ExtendedData>
  <Point><coordinates>101.6735406,14.4438938</coordinates></Point></Placemark>
<Placemark>
<name>9 ม.16</name><ExtendedData>
  <Data name="address"><value></value></Data></ExtendedData>
  <Point><coordinates>101.7240228,14.3613988</coordinates></Point></Placemark>
<Placemark>
<name>62/1 ม.1</name><ExtendedData>
  <Data name="address"><value></value></Data></ExtendedData>
  <Point><coordinates>101.6585061,14.460545999999999</coordinates></Point></Placemark>
<Placemark>
<name>146 ม.10</name><ExtendedData>
  <Data name="address"><value></value></Data></ExtendedData>
  <Point><coordinates>101.72595969999999,14.374188</coordinates></Point></Placemark>
<Placemark>
<name>วัดป่าสีชมชื่น ม.7</name><ExtendedData>
  <Data name="address"><value>FJ2Q+G99 ศูนย์ปฏิบัติธรรมสีชมชื่น ตำบล โป่งตาลอง อำเภอปากช่อง นครราชสีมา 30130 ไทย</value></Data></ExtendedData>
  <Point><coordinates>101.63847469999999,14.4512997</coordinates></Point></Placemark>
<Placemark>
<name>132 ม.1</name><ExtendedData>
  <Data name="address"><value></value></Data></ExtendedData>
  <Point><coordinates>101.6597778,14.4636441</coordinates></Point></Placemark>
<Placemark>
<name>185 ม.22</name><ExtendedData>
  <Data name="address"><value></value></Data></ExtendedData>
  <Point><coordinates>101.7148838,14.370000899999999</coordinates></Point></Placemark>
<Placemark>
<name>79 ม.7</name><ExtendedData>
  <Data name="address"><value></value></Data></ExtendedData>
  <Point><coordinates>101.6494745,14.463926599999999</coordinates></Point></Placemark>
<Placemark>
<name>302 ม.12</name><ExtendedData>
  <Data name="address"><value></value></Data></ExtendedData>
  <Point><coordinates>101.7010248,14.3859821</coordinates></Point></Placemark>
<Placemark>
<name>127 ม.16</name><ExtendedData>
  <Data name="address"><value></value></Data></ExtendedData>
  <Point><coordinates>101.73147829999999,14.363232199999999</coordinates></Point></Placemark>
<Placemark>
<name>322 ม.2</name><ExtendedData>
  <Data name="address"><value></value></Data></ExtendedData>
  <Point><coordinates>101.6787511,14.4434948</coordinates></Point></Placemark>
<Placemark>
<name>49 ม.2</name><ExtendedData>
  <Data name="address"><value></value></Data></ExtendedData>
  <Point><coordinates>101.674364,14.4419513</coordinates></Point></Placemark>
<Placemark>
<name>54 ม.8</name><ExtendedData>
  <Data name="address"><value></value></Data></ExtendedData>
  <Point><coordinates>101.649846,14.467352199999999</coordinates></Point></Placemark>
<Placemark>
<name>63/1 ม.1</name><ExtendedData>
  <Data name="address"><value></value></Data></ExtendedData>
  <Point><coordinates>101.6583522,14.4600876</coordinates></Point></Placemark>
<Placemark>
<name>23 ม.22</name><ExtendedData>
  <Data name="address"><value></value></Data></ExtendedData>
  <Point><coordinates>101.7191086,14.3707742</coordinates></Point></Placemark>
<Placemark>
<name>207 /1 ม.5</name><ExtendedData>
  <Data name="address"><value></value></Data></ExtendedData>
  <Point><coordinates>101.6871987,14.4105218</coordinates></Point></Placemark>
<Placemark>
<name>319 ม.10</name><ExtendedData>
  <Data name="address"><value></value></Data></ExtendedData>
  <Point><coordinates>101.72565619999999,14.372472199999999</coordinates></Point></Placemark>
<Placemark>
<name>15 ม.22</name><ExtendedData>
  <Data name="address"><value></value></Data></ExtendedData>
  <Point><coordinates>101.7189755,14.370813499999999</coordinates></Point></Placemark>
<Placemark>
<name>169 ม.2</name><ExtendedData>
  <Data name="address"><value></value></Data></ExtendedData>
  <Point><coordinates>101.6724969,14.445986999999999</coordinates></Point></Placemark>
<Placemark>
<name>57 ม.5</name><ExtendedData>
  <Data name="address"><value></value></Data></ExtendedData>
  <Point><coordinates>101.6822541,14.426965099999999</coordinates></Point></Placemark>
<Placemark>
<name>16 ม.8</name><ExtendedData>
  <Data name="address"><value></value></Data></ExtendedData>
  <Point><coordinates>101.6534679,14.4770703</coordinates></Point></Placemark>
<Placemark>
<name>114 ม.22</name><ExtendedData>
  <Data name="address"><value></value></Data></ExtendedData>
  <Point><coordinates>101.7195294,14.3704735</coordinates></Point></Placemark>
<Placemark>
<name>162 ม.22</name><ExtendedData>
  <Data name="address"><value></value></Data></ExtendedData>
  <Point><coordinates>101.719113,14.370588399999999</coordinates></Point></Placemark>
<Placemark>
<name>39 ม.16</name><ExtendedData>
  <Data name="address"><value></value></Data></ExtendedData>
  <Point><coordinates>101.7289034,14.363371299999999</coordinates></Point></Placemark>
<Placemark>
<name>200 ม.22</name><ExtendedData>
  <Data name="address"><value></value></Data></ExtendedData>
  <Point><coordinates>101.7167832,14.371318599999999</coordinates></Point></Placemark>
<Placemark>
<name>22 ม.16</name><ExtendedData>
  <Data name="address"><value></value></Data></ExtendedData>
  <Point><coordinates>101.72417,14.361056099999999</coordinates></Point></Placemark>
<Placemark>
<name>149 ม.22</name><ExtendedData>
  <Data name="address"><value></value></Data></ExtendedData>
  <Point><coordinates>101.7184662,14.371274099999999</coordinates></Point></Placemark>
<Placemark>
<name>118 ม.21</name><ExtendedData>
  <Data name="address"><value></value></Data></ExtendedData>
  <Point><coordinates>101.6750155,14.429916599999999</coordinates></Point></Placemark>
<Placemark>
<name>231 ม.10</name><ExtendedData>
  <Data name="address"><value></value></Data></ExtendedData>
  <Point><coordinates>101.72896709999999,14.3835415</coordinates></Point></Placemark>
<Placemark>
<name>9 ม.12</name><ExtendedData>
  <Data name="address"><value></value></Data></ExtendedData>
  <Point><coordinates>101.7043458,14.4034257</coordinates></Point></Placemark>
<Placemark>
<name>58 ม.5</name><ExtendedData>
  <Data name="address"><value></value></Data></ExtendedData>
  <Point><coordinates>101.68579629999999,14.407196899999999</coordinates></Point></Placemark>
<Placemark>
<name>123 ม.22</name><ExtendedData>
  <Data name="address"><value></value></Data></ExtendedData>
  <Point><coordinates>101.71946129999999,14.3710025</coordinates></Point></Placemark>
<Placemark>
<name>285 ม.10</name><ExtendedData>
  <Data name="address"><value></value></Data></ExtendedData>
  <Point><coordinates>101.72490719999999,14.3758044</coordinates></Point></Placemark>
<Placemark>
<name>15/1 ม.5</name><ExtendedData>
  <Data name="address"><value></value></Data></ExtendedData>
  <Point><coordinates>101.6876715,14.4115746</coordinates></Point></Placemark>
<Placemark>
<name>19 ม.19</name><ExtendedData>
  <Data name="address"><value></value></Data></ExtendedData>
  <Point><coordinates>101.6610053,14.4590763</coordinates></Point></Placemark>
<Placemark>
<name>9 ม.5</name><ExtendedData>
  <Data name="address"><value></value></Data></ExtendedData>
  <Point><coordinates>101.6853319,14.408121699999999</coordinates></Point></Placemark>
<Placemark>
<name>130 ม.5</name><ExtendedData>
  <Data name="address"><value></value></Data></ExtendedData>
  <Point><coordinates>101.68256219999999,14.4077395</coordinates></Point></Placemark>
<Placemark>
<name>81 ม.12</name><ExtendedData>
  <Data name="address"><value></value></Data></ExtendedData>
  <Point><coordinates>101.6881519,14.3943322</coordinates></Point></Placemark>
<Placemark>
<name>201 ม.16 ฝากได้</name><ExtendedData>
  <Data name="address"><value></value></Data></ExtendedData>
  <Point><coordinates>101.7240234,14.361350999999999</coordinates></Point></Placemark>
<Placemark>
<name>41 ม.12</name><ExtendedData>
  <Data name="address"><value></value></Data></ExtendedData>
  <Point><coordinates>101.70108549999999,14.386985899999999</coordinates></Point></Placemark>
<Placemark>
<name>147 ม.22</name><ExtendedData>
  <Data name="address"><value>9PF5+4HC ภูธาราฟ้า ตำบล วังหมี อำเภอวังน้ำเขียว นครราชสีมา 30370 ไทย</value></Data></ExtendedData>
  <Point><coordinates>101.7088983,14.372801299999999</coordinates></Point></Placemark>
<Placemark>
<name>11 ม.12</name><ExtendedData>
  <Data name="address"><value></value></Data></ExtendedData>
  <Point><coordinates>101.70107709999999,14.386380299999999</coordinates></Point></Placemark>
<Placemark>
<name>8 ม.7</name><ExtendedData>
  <Data name="address"><value></value></Data></ExtendedData>
  <Point><coordinates>101.64409529999999,14.464689199999999</coordinates></Point></Placemark>
<Placemark>
<name>77ม.16</name><ExtendedData>
  <Data name="address"><value></value></Data></ExtendedData>
  <Point><coordinates>101.7252221,14.3637977</coordinates></Point></Placemark>
<Placemark>
<name>64ม.10 ไร่นายต้องแวะ</name><ExtendedData>
  <Data name="address"><value></value></Data></ExtendedData>
  <Point><coordinates>101.71088329999999,14.389064099999999</coordinates></Point></Placemark>
<Placemark>
<name>196 ม.10</name><ExtendedData>
  <Data name="address"><value></value></Data></ExtendedData>
  <Point><coordinates>101.7237717,14.3720912</coordinates></Point></Placemark>
<Placemark>
<name>20 ม.8</name><ExtendedData>
  <Data name="address"><value></value></Data></ExtendedData>
  <Point><coordinates>101.6496719,14.468131099999999</coordinates></Point></Placemark>
<Placemark>
<name>182 ม.12</name><ExtendedData>
  <Data name="address"><value></value></Data></ExtendedData>
  <Point><coordinates>101.7157197,14.3973657</coordinates></Point></Placemark>
<Placemark>
<name>42/1 ม.10</name><ExtendedData>
  <Data name="address"><value></value></Data></ExtendedData>
  <Point><coordinates>101.70838549999999,14.3821677</coordinates></Point></Placemark>
<Placemark>
<name>80 ม.12</name><ExtendedData>
  <Data name="address"><value></value></Data></ExtendedData>
  <Point><coordinates>101.7015392,14.3862305</coordinates></Point></Placemark>
<Placemark>
<name>94 ม.21</name><ExtendedData>
  <Data name="address"><value></value></Data></ExtendedData>
  <Point><coordinates>101.6786264,14.4327239</coordinates></Point></Placemark>
<Placemark>
<name>239 ม.10</name><ExtendedData>
  <Data name="address"><value></value></Data></ExtendedData>
  <Point><coordinates>101.7208812,14.373985999999999</coordinates></Point></Placemark>
<Placemark>
<name>195 ม.22</name><ExtendedData>
  <Data name="address"><value></value></Data></ExtendedData>
  <Point><coordinates>101.71928059999999,14.371148699999999</coordinates></Point></Placemark>
<Placemark>
<name>199 ม.5</name><ExtendedData>
  <Data name="address"><value></value></Data></ExtendedData>
  <Point><coordinates>101.68532859999999,14.4088829</coordinates></Point></Placemark>
<Placemark>
<name>107 ม.16</name><ExtendedData>
  <Data name="address"><value></value></Data></ExtendedData>
  <Point><coordinates>101.73298,14.364711</coordinates></Point></Placemark>
<Placemark>
<name>178 ม.1</name><ExtendedData>
  <Data name="address"><value></value></Data></ExtendedData>
  <Point><coordinates>101.65725859999999,14.464950799999999</coordinates></Point></Placemark>
<Placemark>
<name>234 ม.10</name><ExtendedData>
  <Data name="address"><value></value></Data></ExtendedData>
  <Point><coordinates>101.7076579,14.3813795</coordinates></Point></Placemark>
<Placemark>
<name>299/3-4 ม.10 ดวงรัตน์</name><ExtendedData>
  <Data name="address"><value>ถูกดี มีมาตรฐาน เป็นหนึ่งวังหมี(รับบัตรสวัสดิการแห่งรัฐ, คนละครึ่ง) อ, 299/3 4 ตำบล วังหมี อำเภอวังน้ำเขียว นครราชสีมา 30370 ไทย</value></Data></ExtendedData>
  <Point><coordinates>101.72648029999999,14.37402</coordinates></Point></Placemark>
<Placemark>
<name>11 ม.19</name><ExtendedData>
  <Data name="address"><value></value></Data></ExtendedData>
  <Point><coordinates>101.66225589999999,14.460856</coordinates></Point></Placemark>
<Placemark>
<name>161 ม.12</name><ExtendedData>
  <Data name="address"><value></value></Data></ExtendedData>
  <Point><coordinates>101.68812709999999,14.393209899999999</coordinates></Point></Placemark>
<Placemark>
<name>87 ม.10</name><ExtendedData>
  <Data name="address"><value></value></Data></ExtendedData>
  <Point><coordinates>101.7213168,14.373709</coordinates></Point></Placemark>
<Placemark>
<name>133 ม.2</name><ExtendedData>
  <Data name="address"><value></value></Data></ExtendedData>
  <Point><coordinates>101.6763807,14.4436542</coordinates></Point></Placemark>
<Placemark>
<name>46 ม.7</name><ExtendedData>
  <Data name="address"><value></value></Data></ExtendedData>
  <Point><coordinates>101.6563087,14.4630438</coordinates></Point></Placemark>
<Placemark>
<name>91 ม.5</name><ExtendedData>
  <Data name="address"><value></value></Data></ExtendedData>
  <Point><coordinates>101.6866774,14.407276399999999</coordinates></Point></Placemark>
<Placemark>
<name>128 ม.2</name><ExtendedData>
  <Data name="address"><value></value></Data></ExtendedData>
  <Point><coordinates>101.6779897,14.443481499999999</coordinates></Point></Placemark>
<Placemark>
<name>113 ม.10</name><ExtendedData>
  <Data name="address"><value></value></Data></ExtendedData>
  <Point><coordinates>101.7285306,14.3845742</coordinates></Point></Placemark>
<Placemark>
<name>44 ม.10</name><ExtendedData>
  <Data name="address"><value></value></Data></ExtendedData>
  <Point><coordinates>101.7381379,14.3797433</coordinates></Point></Placemark>
<Placemark>
<name>89 ม.19</name><ExtendedData>
  <Data name="address"><value></value></Data></ExtendedData>
  <Point><coordinates>101.661592,14.459169099999999</coordinates></Point></Placemark>
<Placemark>
<name>140 ม.22</name><ExtendedData>
  <Data name="address"><value></value></Data></ExtendedData>
  <Point><coordinates>101.71940269999999,14.3709204</coordinates></Point></Placemark>
<Placemark>
<name>325 ม.12</name><ExtendedData>
  <Data name="address"><value></value></Data></ExtendedData>
  <Point><coordinates>101.693868,14.380410699999999</coordinates></Point></Placemark>
<Placemark>
<name>141 ม.12 ฝากได้</name><ExtendedData>
  <Data name="address"><value></value></Data></ExtendedData>
  <Point><coordinates>101.70145029999999,14.3868466</coordinates></Point></Placemark>
<Placemark>
<name>124 ม.12</name><ExtendedData>
  <Data name="address"><value></value></Data></ExtendedData>
  <Point><coordinates>101.7016676,14.3868089</coordinates></Point></Placemark>
<Placemark>
<name>77 ม.7</name><ExtendedData>
  <Data name="address"><value></value></Data></ExtendedData>
  <Point><coordinates>101.65481369999999,14.4639396</coordinates></Point></Placemark>
<Placemark>
<name>179 ม.10</name><ExtendedData>
  <Data name="address"><value></value></Data></ExtendedData>
  <Point><coordinates>101.7092763,14.3820648</coordinates></Point></Placemark>
<Placemark>
<name>217/1 ม.2 โสภา</name><ExtendedData>
  <Data name="address"><value></value></Data></ExtendedData>
  <Point><coordinates>101.6753112,14.443636</coordinates></Point></Placemark>
<Placemark>
<name>76 ม.12</name><ExtendedData>
  <Data name="address"><value></value></Data></ExtendedData>
  <Point><coordinates>101.6876745,14.3931469</coordinates></Point></Placemark>
<Placemark>
<name>211 ม.22</name><ExtendedData>
  <Data name="address"><value></value></Data></ExtendedData>
  <Point><coordinates>101.71832409999999,14.371326999999999</coordinates></Point></Placemark>
<Placemark>
<name>87 ม.12</name><ExtendedData>
  <Data name="address"><value></value></Data></ExtendedData>
  <Point><coordinates>101.6991439,14.3904687</coordinates></Point></Placemark>
<Placemark>
<name>88 ม.21</name><ExtendedData>
  <Data name="address"><value></value></Data></ExtendedData>
  <Point><coordinates>101.68084359999999,14.426841999999999</coordinates></Point></Placemark>
<Placemark>
<name>228 ม.12</name><ExtendedData>
  <Data name="address"><value></value></Data></ExtendedData>
  <Point><coordinates>101.68951179999999,14.394288699999999</coordinates></Point></Placemark>
<Placemark>
<name>22 ม.21</name><ExtendedData>
  <Data name="address"><value></value></Data></ExtendedData>
  <Point><coordinates>101.677933,14.4330798</coordinates></Point></Placemark>
<Placemark>
<name>112 ม.7</name><ExtendedData>
  <Data name="address"><value></value></Data></ExtendedData>
  <Point><coordinates>101.6560512,14.462777299999999</coordinates></Point></Placemark>
<Placemark>
<name>277 ม.5</name><ExtendedData>
  <Data name="address"><value></value></Data></ExtendedData>
  <Point><coordinates>101.68231379999999,14.4216801</coordinates></Point></Placemark>
<Placemark>
<name>170 ม.10</name><ExtendedData>
  <Data name="address"><value></value></Data></ExtendedData>
  <Point><coordinates>101.72651959999999,14.3663071</coordinates></Point></Placemark>
<Placemark>
<name>28 ม.10</name><ExtendedData>
  <Data name="address"><value></value></Data></ExtendedData>
  <Point><coordinates>101.70875869999999,14.3822963</coordinates></Point></Placemark>
<Placemark>
<name>243 ม.2</name><ExtendedData>
  <Data name="address"><value></value></Data></ExtendedData>
  <Point><coordinates>101.67489139999999,14.4408473</coordinates></Point></Placemark>
<Placemark>
<name>274 ม.12</name><ExtendedData>
  <Data name="address"><value></value></Data></ExtendedData>
  <Point><coordinates>101.70630779999999,14.4034751</coordinates></Point></Placemark>
<Placemark>
<name>135 ม.22</name><ExtendedData>
  <Data name="address"><value></value></Data></ExtendedData>
  <Point><coordinates>101.71969399999999,14.3705608</coordinates></Point></Placemark>
<Placemark>
<name>71 ม.12</name><ExtendedData>
  <Data name="address"><value></value></Data></ExtendedData>
  <Point><coordinates>101.6846453,14.398439999999999</coordinates></Point></Placemark>
<Placemark>
<name>53 ม.12</name><ExtendedData>
  <Data name="address"><value></value></Data></ExtendedData>
  <Point><coordinates>101.6964265,14.3894457</coordinates></Point></Placemark>
<Placemark>
<name>75 ม.8</name><ExtendedData>
  <Data name="address"><value></value></Data></ExtendedData>
  <Point><coordinates>101.65024489999999,14.466313099999999</coordinates></Point></Placemark>
<Placemark>
<name>57 ม.2</name><ExtendedData>
  <Data name="address"><value></value></Data></ExtendedData>
  <Point><coordinates>101.6754969,14.4396697</coordinates></Point></Placemark>
<Placemark>
<name>17 ม.8 </name><ExtendedData>
  <Data name="address"><value></value></Data></ExtendedData>
  <Point><coordinates>101.6395302,14.4770229</coordinates></Point></Placemark>
<Placemark>
<name>434 ม.2</name><ExtendedData>
  <Data name="address"><value></value></Data></ExtendedData>
  <Point><coordinates>101.67245659999999,14.4461084</coordinates></Point></Placemark>
<Placemark>
<name>197 ม.16</name><ExtendedData>
  <Data name="address"><value></value></Data></ExtendedData>
  <Point><coordinates>101.7244932,14.3637272</coordinates></Point></Placemark>
<Placemark>
<name>249 ม.12</name><ExtendedData>
  <Data name="address"><value></value></Data></ExtendedData>
  <Point><coordinates>101.6882237,14.3935418</coordinates></Point></Placemark>
<Placemark>
<name>37 ม.19</name><ExtendedData>
  <Data name="address"><value></value></Data></ExtendedData>
  <Point><coordinates>101.67181629999999,14.45905</coordinates></Point></Placemark>
<Placemark>
<name>10 ม.5</name><ExtendedData>
  <Data name="address"><value></value></Data></ExtendedData>
  <Point><coordinates>101.69589649999999,14.408314599999999</coordinates></Point></Placemark>
<Placemark>
<name>37 ม.7</name><ExtendedData>
  <Data name="address"><value></value></Data></ExtendedData>
  <Point><coordinates>101.6563453,14.462642899999999</coordinates></Point></Placemark>
<Placemark>
<name>90 ม.12</name><ExtendedData>
  <Data name="address"><value></value></Data></ExtendedData>
  <Point><coordinates>101.6966435,14.3874815</coordinates></Point></Placemark>
<Placemark>
<name>558 ม.1</name><ExtendedData>
  <Data name="address"><value></value></Data></ExtendedData>
  <Point><coordinates>101.6615913,14.4651122</coordinates></Point></Placemark>
<Placemark>
<name>161 ม.2</name><ExtendedData>
  <Data name="address"><value></value></Data></ExtendedData>
  <Point><coordinates>101.6721053,14.446511399999999</coordinates></Point></Placemark>
<Placemark>
<name>129 ม.10 สนิท</name><ExtendedData>
  <Data name="address"><value></value></Data></ExtendedData>
  <Point><coordinates>101.72841489999999,14.382362899999999</coordinates></Point></Placemark>
<Placemark>
<name>244 ม.10</name><ExtendedData>
  <Data name="address"><value></value></Data></ExtendedData>
  <Point><coordinates>101.72325699999999,14.372318199999999</coordinates></Point></Placemark>
<Placemark>
<name>3 ม.2</name><ExtendedData>
  <Data name="address"><value></value></Data></ExtendedData>
  <Point><coordinates>101.68050559999999,14.439949599999998</coordinates></Point></Placemark>
<Placemark>
<name>3 ม.7</name><ExtendedData>
  <Data name="address"><value></value></Data></ExtendedData>
  <Point><coordinates>101.6571862,14.4609148</coordinates></Point></Placemark>
<Placemark>
<name>224 ม.16</name><ExtendedData>
  <Data name="address"><value></value></Data></ExtendedData>
  <Point><coordinates>101.734479,14.3645207</coordinates></Point></Placemark>
<Placemark>
<name>126 ม.1</name><ExtendedData>
  <Data name="address"><value></value></Data></ExtendedData>
  <Point><coordinates>101.660102,14.462904199999999</coordinates></Point></Placemark>
<Placemark>
<name>173 ม.5</name><ExtendedData>
  <Data name="address"><value></value></Data></ExtendedData>
  <Point><coordinates>101.6854932,14.4075031</coordinates></Point></Placemark>
<Placemark>
<name>119 ม.10</name><ExtendedData>
  <Data name="address"><value></value></Data></ExtendedData>
  <Point><coordinates>101.7290616,14.3825048</coordinates></Point></Placemark>
<Placemark>
<name>123 ม.2</name><ExtendedData>
  <Data name="address"><value></value></Data></ExtendedData>
  <Point><coordinates>101.66882659999999,14.4511665</coordinates></Point></Placemark>
<Placemark>
<name>364 ม.12</name><ExtendedData>
  <Data name="address"><value></value></Data></ExtendedData>
  <Point><coordinates>101.6868628,14.39341</coordinates></Point></Placemark>
<Placemark>
<name>14/1 ม.22</name><ExtendedData>
  <Data name="address"><value></value></Data></ExtendedData>
  <Point><coordinates>101.7195891,14.370705399999999</coordinates></Point></Placemark>
<Placemark>
<name>21 ม.2</name><ExtendedData>
  <Data name="address"><value></value></Data></ExtendedData>
  <Point><coordinates>101.6738464,14.4431785</coordinates></Point></Placemark>
<Placemark>
<name>342 ม.5</name><ExtendedData>
  <Data name="address"><value></value></Data></ExtendedData>
  <Point><coordinates>101.6870807,14.407565799999999</coordinates></Point></Placemark>
<Placemark>
<name>43 ม.12</name><ExtendedData>
  <Data name="address"><value></value></Data></ExtendedData>
  <Point><coordinates>101.69728219999999,14.389301099999999</coordinates></Point></Placemark>
<Placemark>
<name>256 ม.5</name><ExtendedData>
  <Data name="address"><value></value></Data></ExtendedData>
  <Point><coordinates>101.6850657,14.4085877</coordinates></Point></Placemark>
<Placemark>
<name>60 ม.5</name><ExtendedData>
  <Data name="address"><value></value></Data></ExtendedData>
  <Point><coordinates>101.6956725,14.4080289</coordinates></Point></Placemark>
<Placemark>
<name>28 ม.8</name><ExtendedData>
  <Data name="address"><value></value></Data></ExtendedData>
  <Point><coordinates>101.64956529999999,14.4757906</coordinates></Point></Placemark>
<Placemark>
<name>67 ม.19</name><ExtendedData>
  <Data name="address"><value></value></Data></ExtendedData>
  <Point><coordinates>101.6609067,14.459365199999999</coordinates></Point></Placemark>
<Placemark>
<name>11 ม.1</name><ExtendedData>
  <Data name="address"><value></value></Data></ExtendedData>
  <Point><coordinates>101.6609168,14.4672532</coordinates></Point></Placemark>
<Placemark>
<name>300 ม.2</name><ExtendedData>
  <Data name="address"><value></value></Data></ExtendedData>
  <Point><coordinates>101.6686301,14.445494799999999</coordinates></Point></Placemark>
<Placemark>
<name>12 ม.8</name><ExtendedData>
  <Data name="address"><value></value></Data></ExtendedData>
  <Point><coordinates>101.64494889999999,14.471257</coordinates></Point></Placemark>
<Placemark>
<name>161 ม.5</name><ExtendedData>
  <Data name="address"><value></value></Data></ExtendedData>
  <Point><coordinates>101.6854161,14.4080477</coordinates></Point></Placemark>
<Placemark>
<name>216 ม.5</name><ExtendedData>
  <Data name="address"><value></value></Data></ExtendedData>
  <Point><coordinates>101.6881938,14.4073047</coordinates></Point></Placemark>
<Placemark>
<name>120/1 ม.2</name><ExtendedData>
  <Data name="address"><value></value></Data></ExtendedData>
  <Point><coordinates>101.67536079999999,14.444462</coordinates></Point></Placemark>
<Placemark>
<name>94 ม.12</name><ExtendedData>
  <Data name="address"><value></value></Data></ExtendedData>
  <Point><coordinates>101.6880238,14.393165399999999</coordinates></Point></Placemark>
<Placemark>
<name>85 ม.21</name><ExtendedData>
  <Data name="address"><value></value></Data></ExtendedData>
  <Point><coordinates>101.6781305,14.424823</coordinates></Point></Placemark>
<Placemark>
<name>100 ม.21</name><ExtendedData>
  <Data name="address"><value></value></Data></ExtendedData>
  <Point><coordinates>101.6787662,14.432234</coordinates></Point></Placemark>
<Placemark>
<name>28 ม.12</name><ExtendedData>
  <Data name="address"><value></value></Data></ExtendedData>
  <Point><coordinates>101.6876812,14.393697999999999</coordinates></Point></Placemark>
<Placemark>
<name>99 ม.8</name><ExtendedData>
  <Data name="address"><value></value></Data></ExtendedData>
  <Point><coordinates>101.65316449999999,14.477593299999999</coordinates></Point></Placemark>
<Placemark>
<name>26/1 ม.1</name><ExtendedData>
  <Data name="address"><value></value></Data></ExtendedData>
  <Point><coordinates>101.65902179999999,14.461151099999999</coordinates></Point></Placemark>
<Placemark>
<name>75 ม.10</name><ExtendedData>
  <Data name="address"><value></value></Data></ExtendedData>
  <Point><coordinates>101.72346189999999,14.372567</coordinates></Point></Placemark>
<Placemark>
<name>186 ม.5</name><ExtendedData>
  <Data name="address"><value></value></Data></ExtendedData>
  <Point><coordinates>101.6854731,14.4099392</coordinates></Point></Placemark>
<Placemark>
<name>249 ม.2</name><ExtendedData>
  <Data name="address"><value></value></Data></ExtendedData>
  <Point><coordinates>101.67310909999999,14.444051</coordinates></Point></Placemark>
<Placemark>
<name>270 ม.2</name><ExtendedData>
  <Data name="address"><value></value></Data></ExtendedData>
  <Point><coordinates>101.68336149999999,14.4448721</coordinates></Point></Placemark>
<Placemark>
<name>152 ม.2</name><ExtendedData>
  <Data name="address"><value></value></Data></ExtendedData>
  <Point><coordinates>101.6723219,14.444249</coordinates></Point></Placemark>
<Placemark>
<name>146 ม.12</name><ExtendedData>
  <Data name="address"><value></value></Data></ExtendedData>
  <Point><coordinates>101.7009803,14.387234699999999</coordinates></Point></Placemark>
<Placemark>
<name>242 ม.1</name><ExtendedData>
  <Data name="address"><value></value></Data></ExtendedData>
  <Point><coordinates>101.65978659999999,14.4640217</coordinates></Point></Placemark>
<Placemark>
<name>32 ม.19</name><ExtendedData>
  <Data name="address"><value></value></Data></ExtendedData>
  <Point><coordinates>101.6645163,14.4609115</coordinates></Point></Placemark>
<Placemark>
<name>169/1 ม.10</name><ExtendedData>
  <Data name="address"><value></value></Data></ExtendedData>
  <Point><coordinates>101.72567869999999,14.385498799999999</coordinates></Point></Placemark>
<Placemark>
<name>11 ม.19 มณีรัตน์ สีแดง</name><ExtendedData>
  <Data name="address"><value></value></Data></ExtendedData>
  <Point><coordinates>101.66180729999999,14.459646699999999</coordinates></Point></Placemark>
<Placemark>
<name>259 ม.5 ฝากได้</name><ExtendedData>
  <Data name="address"><value></value></Data></ExtendedData>
  <Point><coordinates>101.6820814,14.4078444</coordinates></Point></Placemark>
<Placemark>
<name>50 ม.22</name><ExtendedData>
  <Data name="address"><value></value></Data></ExtendedData>
  <Point><coordinates>101.7198016,14.371578099999999</coordinates></Point></Placemark>
<Placemark>
<name>179 ม.12</name><ExtendedData>
  <Data name="address"><value></value></Data></ExtendedData>
  <Point><coordinates>101.6885113,14.3936402</coordinates></Point></Placemark>
<Placemark>
<name>67 ม.8</name><ExtendedData>
  <Data name="address"><value></value></Data></ExtendedData>
  <Point><coordinates>101.6458334,14.470780099999999</coordinates></Point></Placemark>
<Placemark>
<name>43 ม.21</name><ExtendedData>
  <Data name="address"><value></value></Data></ExtendedData>
  <Point><coordinates>101.66989579999999,14.425041799999999</coordinates></Point></Placemark>
<Placemark>
<name>21/3 ม.2</name><ExtendedData>
  <Data name="address"><value></value></Data></ExtendedData>
  <Point><coordinates>101.6713506,14.444674299999999</coordinates></Point></Placemark>
<Placemark>
<name>216 ม.2</name><ExtendedData>
  <Data name="address"><value></value></Data></ExtendedData>
  <Point><coordinates>101.6784852,14.442937599999999</coordinates></Point></Placemark>
<Placemark>
<name>333 ม.2</name><ExtendedData>
  <Data name="address"><value></value></Data></ExtendedData>
  <Point><coordinates>101.6678908,14.4514272</coordinates></Point></Placemark>
<Placemark>
<name>29 ม.21</name><ExtendedData>
  <Data name="address"><value>T-BARBER​ ตัดผม​ชาย ตำบล วังหมี อำเภอวังน้ำเขียว นครราชสีมา 30370 ไทย</value></Data></ExtendedData>
  <Point><coordinates>101.6789409,14.4328717</coordinates></Point></Placemark>
<Placemark>
<name>226 ม.5</name><ExtendedData>
  <Data name="address"><value></value></Data></ExtendedData>
  <Point><coordinates>101.6836639,14.4095619</coordinates></Point></Placemark>
<Placemark>
<name>36 ม.2</name><ExtendedData>
  <Data name="address"><value></value></Data></ExtendedData>
  <Point><coordinates>101.67249819999999,14.4442506</coordinates></Point></Placemark>
<Placemark>
<name>164 ม.5</name><ExtendedData>
  <Data name="address"><value></value></Data></ExtendedData>
  <Point><coordinates>101.6879125,14.4111855</coordinates></Point></Placemark>
<Placemark>
<name>199 ม.7</name><ExtendedData>
  <Data name="address"><value></value></Data></ExtendedData>
  <Point><coordinates>101.6540912,14.4632692</coordinates></Point></Placemark>
<Placemark>
<name>106 ม.21</name><ExtendedData>
  <Data name="address"><value></value></Data></ExtendedData>
  <Point><coordinates>101.68126199999999,14.4296218</coordinates></Point></Placemark>
<Placemark>
<name>45 ม.16</name><ExtendedData>
  <Data name="address"><value></value></Data></ExtendedData>
  <Point><coordinates>101.72431549999999,14.361962</coordinates></Point></Placemark>
<Placemark>
<name>208 ม.2</name><ExtendedData>
  <Data name="address"><value></value></Data></ExtendedData>
  <Point><coordinates>101.6719983,14.444263</coordinates></Point></Placemark>
<Placemark>
<name>63 ม.10</name><ExtendedData>
  <Data name="address"><value></value></Data></ExtendedData>
  <Point><coordinates>101.7293838,14.382686</coordinates></Point></Placemark>
<Placemark>
<name>6 ม.8</name><ExtendedData>
  <Data name="address"><value></value></Data></ExtendedData>
  <Point><coordinates>101.64468939999999,14.4720888</coordinates></Point></Placemark>
<Placemark>
<name>91 ม.2</name><ExtendedData>
  <Data name="address"><value></value></Data></ExtendedData>
  <Point><coordinates>101.68360419999999,14.4451039</coordinates></Point></Placemark>
<Placemark>
<name>199 ม.22 ฝากได้</name><ExtendedData>
  <Data name="address"><value></value></Data></ExtendedData>
  <Point><coordinates>101.71829389999999,14.372264</coordinates></Point></Placemark>
<Placemark>
<name>58 ม.7</name><ExtendedData>
  <Data name="address"><value></value></Data></ExtendedData>
  <Point><coordinates>101.64921799999999,14.4639931</coordinates></Point></Placemark>
<Placemark>
<name>157 ม.22</name><ExtendedData>
  <Data name="address"><value></value></Data></ExtendedData>
  <Point><coordinates>101.71817089999999,14.3706316</coordinates></Point></Placemark>
<Placemark>
<name>197 ม.2</name><ExtendedData>
  <Data name="address"><value></value></Data></ExtendedData>
  <Point><coordinates>101.67547809999999,14.4398564</coordinates></Point></Placemark>
<Placemark>
<name>89 ม.16</name><ExtendedData>
  <Data name="address"><value></value></Data></ExtendedData>
  <Point><coordinates>101.7346168,14.363357599999999</coordinates></Point></Placemark>
<Placemark>
<name>99 ม.10</name><ExtendedData>
  <Data name="address"><value></value></Data></ExtendedData>
  <Point><coordinates>101.7217845,14.3730367</coordinates></Point></Placemark>
<Placemark>
<name>5 ม.16</name><ExtendedData>
  <Data name="address"><value></value></Data></ExtendedData>
  <Point><coordinates>101.7240757,14.3621283</coordinates></Point></Placemark>
<Placemark>
<name>48 ม.8</name><ExtendedData>
  <Data name="address"><value></value></Data></ExtendedData>
  <Point><coordinates>101.6528641,14.463656499999999</coordinates></Point></Placemark>
<Placemark>
<name>46 ม.12</name><ExtendedData>
  <Data name="address"><value></value></Data></ExtendedData>
  <Point><coordinates>101.6864209,14.3938578</coordinates></Point></Placemark>
<Placemark>
<name>20 ม.10</name><ExtendedData>
  <Data name="address"><value></value></Data></ExtendedData>
  <Point><coordinates>101.7277987,14.384507999999999</coordinates></Point></Placemark>
<Placemark>
<name>68 ม.1</name><ExtendedData>
  <Data name="address"><value></value></Data></ExtendedData>
  <Point><coordinates>101.6576492,14.4609261</coordinates></Point></Placemark>
<Placemark>
<name>327 ม.2</name><ExtendedData>
  <Data name="address"><value></value></Data></ExtendedData>
  <Point><coordinates>101.6788182,14.443232799999999</coordinates></Point></Placemark>
<Placemark>
<name>200 ม.5</name><ExtendedData>
  <Data name="address"><value></value></Data></ExtendedData>
  <Point><coordinates>101.6875608,14.410212999999999</coordinates></Point></Placemark>
<Placemark>
<name>ห้องเช่า สุเมธ 0981202951</name><ExtendedData>
  <Data name="address"><value></value></Data></ExtendedData>
  <Point><coordinates>101.656871,14.4614511</coordinates></Point></Placemark>
<Placemark>
<name>389 ม.2</name><ExtendedData>
  <Data name="address"><value></value></Data></ExtendedData>
  <Point><coordinates>101.66957289999999,14.4500224</coordinates></Point></Placemark>
<Placemark>
<name>185/3 ม.2</name><ExtendedData>
  <Data name="address"><value></value></Data></ExtendedData>
  <Point><coordinates>101.6742259,14.4437065</coordinates></Point></Placemark>
<Placemark>
<name>110 ม.12</name><ExtendedData>
  <Data name="address"><value></value></Data></ExtendedData>
  <Point><coordinates>101.6899145,14.394283199999999</coordinates></Point></Placemark>
<Placemark>
<name>224 ม.2</name><ExtendedData>
  <Data name="address"><value></value></Data></ExtendedData>
  <Point><coordinates>101.6719986,14.446634399999999</coordinates></Point></Placemark>
<Placemark>
<name>64 ม.5</name><ExtendedData>
  <Data name="address"><value></value></Data></ExtendedData>
  <Point><coordinates>101.6861289,14.407577199999999</coordinates></Point></Placemark>
<Placemark>
<name>8 ม.22</name><ExtendedData>
  <Data name="address"><value></value></Data></ExtendedData>
  <Point><coordinates>101.7182946,14.3702419</coordinates></Point></Placemark>
<Placemark>
<name>211 ม.10 ฝากได้</name><ExtendedData>
  <Data name="address"><value></value></Data></ExtendedData>
  <Point><coordinates>101.73804299999999,14.379632599999999</coordinates></Point></Placemark>
<Placemark>
<name>144 ม.12</name><ExtendedData>
  <Data name="address"><value></value></Data></ExtendedData>
  <Point><coordinates>101.69088909999999,14.3939861</coordinates></Point></Placemark>
<Placemark>
<name>67 ม.16</name><ExtendedData>
  <Data name="address"><value></value></Data></ExtendedData>
  <Point><coordinates>101.72406029999999,14.3619272</coordinates></Point></Placemark>
<Placemark>
<name>281 ม.10</name><ExtendedData>
  <Data name="address"><value></value></Data></ExtendedData>
  <Point><coordinates>101.7253102,14.368134</coordinates></Point></Placemark>
<Placemark>
<name>148 ม.22</name><ExtendedData>
  <Data name="address"><value></value></Data></ExtendedData>
  <Point><coordinates>101.71328349999999,14.372315299999999</coordinates></Point></Placemark>
<Placemark>
<name>224 ม.1</name><ExtendedData>
  <Data name="address"><value></value></Data></ExtendedData>
  <Point><coordinates>101.6574369,14.4606476</coordinates></Point></Placemark>
<Placemark>
<name>299/17 ม.10 ร้านโทรศัพท์</name><ExtendedData>
  <Data name="address"><value></value></Data></ExtendedData>
  <Point><coordinates>101.7259248,14.373718</coordinates></Point></Placemark>
<Placemark>
<name>21/1 ม.2</name><ExtendedData>
  <Data name="address"><value></value></Data></ExtendedData>
  <Point><coordinates>101.677469,14.444240599999999</coordinates></Point></Placemark>
<Placemark>
<name>212 ม.12</name><ExtendedData>
  <Data name="address"><value></value></Data></ExtendedData>
  <Point><coordinates>101.7054294,14.3860181</coordinates></Point></Placemark>
<Placemark>
<name>95 ม.7</name><ExtendedData>
  <Data name="address"><value></value></Data></ExtendedData>
  <Point><coordinates>101.6570457,14.4618722</coordinates></Point></Placemark>
<Placemark>
<name>271 ม.5</name><ExtendedData>
  <Data name="address"><value></value></Data></ExtendedData>
  <Point><coordinates>101.68254209999999,14.4202952</coordinates></Point></Placemark>
<Placemark>
<name>3 ม.21</name><ExtendedData>
  <Data name="address"><value></value></Data></ExtendedData>
  <Point><coordinates>101.68023099999999,14.429883499999999</coordinates></Point></Placemark>
<Placemark>
<name>306 ม.10</name><ExtendedData>
  <Data name="address"><value></value></Data></ExtendedData>
  <Point><coordinates>101.73025419999999,14.381518199999999</coordinates></Point></Placemark>
<Placemark>
<name>162 ม.12</name><ExtendedData>
  <Data name="address"><value></value></Data></ExtendedData>
  <Point><coordinates>101.68557469999999,14.393016</coordinates></Point></Placemark>
<Placemark>
<name>256 ม.1</name><ExtendedData>
  <Data name="address"><value></value></Data></ExtendedData>
  <Point><coordinates>101.65855239999999,14.461232299999999</coordinates></Point></Placemark>
<Placemark>
<name>262 ม.5</name><ExtendedData>
  <Data name="address"><value></value></Data></ExtendedData>
  <Point><coordinates>101.6841695,14.407597299999999</coordinates></Point></Placemark>
<Placemark>
<name>324 ม.5</name><ExtendedData>
  <Data name="address"><value></value></Data></ExtendedData>
  <Point><coordinates>101.6828046,14.4213629</coordinates></Point></Placemark>
<Placemark>
<name>223 ม.5</name><ExtendedData>
  <Data name="address"><value></value></Data></ExtendedData>
  <Point><coordinates>101.68623649999999,14.4051852</coordinates></Point></Placemark>
<Placemark>
<name>137 ม.2</name><ExtendedData>
  <Data name="address"><value></value></Data></ExtendedData>
  <Point><coordinates>101.6752418,14.4433747</coordinates></Point></Placemark>
<Placemark>
<name>96 ม.21</name><ExtendedData>
  <Data name="address"><value></value></Data></ExtendedData>
  <Point><coordinates>101.67903679999999,14.433307099999999</coordinates></Point></Placemark>
<Placemark>
<name>189 ม.7</name><ExtendedData>
  <Data name="address"><value></value></Data></ExtendedData>
  <Point><coordinates>101.6405565,14.463437299999999</coordinates></Point></Placemark>
<Placemark>
<name>130 ม.12</name><ExtendedData>
  <Data name="address"><value></value></Data></ExtendedData>
  <Point><coordinates>101.70625249999999,14.3858441</coordinates></Point></Placemark>
<Placemark>
<name>81 ม.22</name><ExtendedData>
  <Data name="address"><value></value></Data></ExtendedData>
  <Point><coordinates>101.71831569999999,14.370425099999999</coordinates></Point></Placemark>
<Placemark>
<name>152 ม.12</name><ExtendedData>
  <Data name="address"><value></value></Data></ExtendedData>
  <Point><coordinates>101.70832109999999,14.389768499999999</coordinates></Point></Placemark>
<Placemark>
<name>3 ม.12</name><ExtendedData>
  <Data name="address"><value></value></Data></ExtendedData>
  <Point><coordinates>101.7012488,14.3863471</coordinates></Point></Placemark>
<Placemark>
<name>38 ม.21</name><ExtendedData>
  <Data name="address"><value></value></Data></ExtendedData>
  <Point><coordinates>101.6780792,14.433462599999999</coordinates></Point></Placemark>
<Placemark>
<name>91 ม.21</name><ExtendedData>
  <Data name="address"><value></value></Data></ExtendedData>
  <Point><coordinates>101.6701238,14.424494399999999</coordinates></Point></Placemark>
<Placemark>
<name>50 ม.16</name><ExtendedData>
  <Data name="address"><value></value></Data></ExtendedData>
  <Point><coordinates>101.72672949999999,14.3645737</coordinates></Point></Placemark>
<Placemark>
<name>89 ม.2</name><ExtendedData>
  <Data name="address"><value></value></Data></ExtendedData>
  <Point><coordinates>101.67478039999999,14.440728799999999</coordinates></Point></Placemark>
<Placemark>
<name>299/21 ม.10</name><ExtendedData>
  <Data name="address"><value></value></Data></ExtendedData>
  <Point><coordinates>101.7257659,14.3736157</coordinates></Point></Placemark>
<Placemark>
<name>369(166) ม.12</name><ExtendedData>
  <Data name="address"><value></value></Data></ExtendedData>
  <Point><coordinates>101.7095962,14.3913569</coordinates></Point></Placemark>
<Placemark>
<name>314 ม.12</name><ExtendedData>
  <Data name="address"><value></value></Data></ExtendedData>
  <Point><coordinates>101.68778479999999,14.3943608</coordinates></Point></Placemark>
<Placemark>
<name>345 ม.5</name><ExtendedData>
  <Data name="address"><value></value></Data></ExtendedData>
  <Point><coordinates>101.69219199999999,14.4035573</coordinates></Point></Placemark>
<Placemark>
<name>21 ม.10</name><ExtendedData>
  <Data name="address"><value></value></Data></ExtendedData>
  <Point><coordinates>101.7288729,14.382865299999999</coordinates></Point></Placemark>
<Placemark>
<name>161 ม.1</name><ExtendedData>
  <Data name="address"><value></value></Data></ExtendedData>
  <Point><coordinates>101.6575603,14.4595077</coordinates></Point></Placemark>
<Placemark>
<name>160 ม.2</name><ExtendedData>
  <Data name="address"><value></value></Data></ExtendedData>
  <Point><coordinates>101.66922989999999,14.445790299999999</coordinates></Point></Placemark>
<Placemark>
<name>39 ม.12</name><ExtendedData>
  <Data name="address"><value></value></Data></ExtendedData>
  <Point><coordinates>101.6884731,14.3943537</coordinates></Point></Placemark>
<Placemark>
<name>314/2 ม.2</name><ExtendedData>
  <Data name="address"><value>314 รัตติกาลคลินิกการพยาบาลและการผดุงครรภ์ 2 อำเภอวังน้ำเขียว นครราชสีมา 30370 ไทย</value></Data></ExtendedData>
  <Point><coordinates>101.6736346,14.444203199999999</coordinates></Point></Placemark>
<Placemark>
<name>115 ม.16</name><ExtendedData>
  <Data name="address"><value></value></Data></ExtendedData>
  <Point><coordinates>101.7281302,14.3633011</coordinates></Point></Placemark>
<Placemark>
<name>120 ม.21</name><ExtendedData>
  <Data name="address"><value></value></Data></ExtendedData>
  <Point><coordinates>101.67574499999999,14.4195572</coordinates></Point></Placemark>
<Placemark>
<name>78 ม.7</name><ExtendedData>
  <Data name="address"><value></value></Data></ExtendedData>
  <Point><coordinates>101.6564257,14.462273099999999</coordinates></Point></Placemark>
<Placemark>
<name>228 ม.12</name><ExtendedData>
  <Data name="address"><value></value></Data></ExtendedData>
  <Point><coordinates>101.6896489,14.394288099999999</coordinates></Point></Placemark>
<Placemark>
<name>88 ม.19</name><ExtendedData>
  <Data name="address"><value></value></Data></ExtendedData>
  <Point><coordinates>101.65916829999999,14.4567407</coordinates></Point></Placemark>
<Placemark>
<name>69 ม.10</name><ExtendedData>
  <Data name="address"><value></value></Data></ExtendedData>
  <Point><coordinates>101.71088499999999,14.3868067</coordinates></Point></Placemark>
<Placemark>
<name>158 ม.21</name><ExtendedData>
  <Data name="address"><value></value></Data></ExtendedData>
  <Point><coordinates>101.6826634,14.4177959</coordinates></Point></Placemark>
<Placemark>
<name>204 ม.1</name><ExtendedData>
  <Data name="address"><value></value></Data></ExtendedData>
  <Point><coordinates>101.6583016,14.4602603</coordinates></Point></Placemark>
<Placemark>
<name>2 ม.7</name><ExtendedData>
  <Data name="address"><value></value></Data></ExtendedData>
  <Point><coordinates>101.64718859999999,14.454880999999999</coordinates></Point></Placemark>
<Placemark>
<name>158 ม.5 ฝากได้</name><ExtendedData>
  <Data name="address"><value></value></Data></ExtendedData>
  <Point><coordinates>101.68561559999999,14.407978199999999</coordinates></Point></Placemark>
<Placemark>
<name>300 ม.12</name><ExtendedData>
  <Data name="address"><value></value></Data></ExtendedData>
  <Point><coordinates>101.7091097,14.372443599999999</coordinates></Point></Placemark>
<Placemark>
<name>121 ม.8</name><ExtendedData>
  <Data name="address"><value></value></Data></ExtendedData>
  <Point><coordinates>101.65643279999999,14.476293799999999</coordinates></Point></Placemark>
<Placemark>
<name>86/1 ม.10</name><ExtendedData>
  <Data name="address"><value></value></Data></ExtendedData>
  <Point><coordinates>101.7236228,14.3722874</coordinates></Point></Placemark>
<Placemark>
<name>33 ม.16</name><ExtendedData>
  <Data name="address"><value></value></Data></ExtendedData>
  <Point><coordinates>101.725782,14.366411699999999</coordinates></Point></Placemark>
<Placemark>
<name>85 ม.10</name><ExtendedData>
  <Data name="address"><value></value></Data></ExtendedData>
  <Point><coordinates>101.7245203,14.3726778</coordinates></Point></Placemark>
<Placemark>
<name>131 ม.16</name><ExtendedData>
  <Data name="address"><value></value></Data></ExtendedData>
  <Point><coordinates>101.7240382,14.365839399999999</coordinates></Point></Placemark>
<Placemark>
<name>97ม.10</name><ExtendedData>
  <Data name="address"><value></value></Data></ExtendedData>
  <Point><coordinates>101.7288672,14.3839916</coordinates></Point></Placemark>
<Placemark>
<name>238 ม.10</name><ExtendedData>
  <Data name="address"><value></value></Data></ExtendedData>
  <Point><coordinates>101.7234766,14.372589399999999</coordinates></Point></Placemark>
<Placemark>
<name>269/5 ม.1 ฝากได้</name><ExtendedData>
  <Data name="address"><value></value></Data></ExtendedData>
  <Point><coordinates>101.6568891,14.4613901</coordinates></Point></Placemark>
<Placemark>
<name>50 ม.7</name><ExtendedData>
  <Data name="address"><value></value></Data></ExtendedData>
  <Point><coordinates>101.6413695,14.4519097</coordinates></Point></Placemark>
<Placemark>
<name>68 ม.5</name><ExtendedData>
  <Data name="address"><value></value></Data></ExtendedData>
  <Point><coordinates>101.6879769,14.410174999999999</coordinates></Point></Placemark>
<Placemark>
<name>86 ม.10</name><ExtendedData>
  <Data name="address"><value></value></Data></ExtendedData>
  <Point><coordinates>101.72323689999999,14.3723163</coordinates></Point></Placemark>
<Placemark>
<name>32 ม.21</name><ExtendedData>
  <Data name="address"><value></value></Data></ExtendedData>
  <Point><coordinates>101.6806002,14.4261994</coordinates></Point></Placemark>
<Placemark>
<name>52 ม.19</name><ExtendedData>
  <Data name="address"><value></value></Data></ExtendedData>
  <Point><coordinates>101.6622673,14.4603051</coordinates></Point></Placemark>
<Placemark>
<name>73 ม.21</name><ExtendedData>
  <Data name="address"><value></value></Data></ExtendedData>
  <Point><coordinates>101.67885199999999,14.432618399999999</coordinates></Point></Placemark>
<Placemark>
<name>43 ม.12</name><ExtendedData>
  <Data name="address"><value></value></Data></ExtendedData>
  <Point><coordinates>101.69797849999999,14.3886594</coordinates></Point></Placemark>
<Placemark>
<name>218 ม.12</name><ExtendedData>
  <Data name="address"><value></value></Data></ExtendedData>
  <Point><coordinates>101.690122,14.3942865</coordinates></Point></Placemark>
<Placemark>
<name>84 ม.12</name><ExtendedData>
  <Data name="address"><value></value></Data></ExtendedData>
  <Point><coordinates>101.68898639999999,14.3932719</coordinates></Point></Placemark>
<Placemark>
<name>46/2 ม.2</name><ExtendedData>
  <Data name="address"><value></value></Data></ExtendedData>
  <Point><coordinates>101.67573329999999,14.4437617</coordinates></Point></Placemark>
<Placemark>
<name>87 ม.5</name><ExtendedData>
  <Data name="address"><value></value></Data></ExtendedData>
  <Point><coordinates>101.6867156,14.410377299999999</coordinates></Point></Placemark>
<Placemark>
<name>283 ม.12</name><ExtendedData>
  <Data name="address"><value></value></Data></ExtendedData>
  <Point><coordinates>101.7134622,14.400526099999999</coordinates></Point></Placemark>
<Placemark>
<name>59 ม.22</name><ExtendedData>
  <Data name="address"><value></value></Data></ExtendedData>
  <Point><coordinates>101.7177595,14.3704696</coordinates></Point></Placemark>
<Placemark>
<name>142 ม.12</name><ExtendedData>
  <Data name="address"><value></value></Data></ExtendedData>
  <Point><coordinates>101.70128869999999,14.3866797</coordinates></Point></Placemark>
<Placemark>
<name>198 ม.16</name><ExtendedData>
  <Data name="address"><value></value></Data></ExtendedData>
  <Point><coordinates>101.73481459999999,14.371780699999999</coordinates></Point></Placemark>
<Placemark>
<name>247 ม.12</name><ExtendedData>
  <Data name="address"><value></value></Data></ExtendedData>
  <Point><coordinates>101.7063101,14.4033579</coordinates></Point></Placemark>
<Placemark>
<name>314 ม.1</name><ExtendedData>
  <Data name="address"><value></value></Data></ExtendedData>
  <Point><coordinates>101.6573464,14.4612696</coordinates></Point></Placemark>
<Placemark>
<name>9809 ม.1</name><ExtendedData>
  <Data name="address"><value></value></Data></ExtendedData>
  <Point><coordinates>101.6591898,14.465806299999999</coordinates></Point></Placemark>
<Placemark>
<name>139 ม.2</name><ExtendedData>
  <Data name="address"><value></value></Data></ExtendedData>
  <Point><coordinates>101.680166,14.442770399999999</coordinates></Point></Placemark>
<Placemark>
<name>30 ม.16</name><ExtendedData>
  <Data name="address"><value></value></Data></ExtendedData>
  <Point><coordinates>101.72505269999999,14.365755199999999</coordinates></Point></Placemark>
<Placemark>
<name>194 ม.5</name><ExtendedData>
  <Data name="address"><value></value></Data></ExtendedData>
  <Point><coordinates>101.6864219,14.4108355</coordinates></Point></Placemark>
<Placemark>
<name>43 ม.16</name><ExtendedData>
  <Data name="address"><value></value></Data></ExtendedData>
  <Point><coordinates>101.7335057,14.3627041</coordinates></Point></Placemark>
<Placemark>
<name>65 ม.21</name><ExtendedData>
  <Data name="address"><value></value></Data></ExtendedData>
  <Point><coordinates>101.6800748,14.428891499999999</coordinates></Point></Placemark>
<Placemark>
<name>วัดแม่ชี สันกำแพง</name><ExtendedData>
  <Data name="address"><value>9MMR+689 วัดป่าแม่ชี ตำบล วังหมี อำเภอวังน้ำเขียว นครราชสีมา 30370 ไทย</value></Data></ExtendedData>
  <Point><coordinates>101.6908552,14.383038099999998</coordinates></Point></Placemark>
<Placemark>
<name>60 ม.2</name><ExtendedData>
  <Data name="address"><value></value></Data></ExtendedData>
  <Point><coordinates>101.67840749999999,14.444586699999999</coordinates></Point></Placemark>
<Placemark>
<name>14 ม.16</name><ExtendedData>
  <Data name="address"><value></value></Data></ExtendedData>
  <Point><coordinates>101.724701,14.3615391</coordinates></Point></Placemark>
<Placemark>
<name>100 ม.19</name><ExtendedData>
  <Data name="address"><value></value></Data></ExtendedData>
  <Point><coordinates>101.6621955,14.4590493</coordinates></Point></Placemark>
<Placemark>
<name>41 ม.2</name><ExtendedData>
  <Data name="address"><value></value></Data></ExtendedData>
  <Point><coordinates>101.6795729,14.445116899999999</coordinates></Point></Placemark>
<Placemark>
<name>39 ม.21</name><ExtendedData>
  <Data name="address"><value></value></Data></ExtendedData>
  <Point><coordinates>101.6703397,14.4211505</coordinates></Point></Placemark>
<Placemark>
<name>313 ม.5</name><ExtendedData>
  <Data name="address"><value></value></Data></ExtendedData>
  <Point><coordinates>101.68266279999999,14.407506399999999</coordinates></Point></Placemark>
<Placemark>
<name>9 ม.5</name><ExtendedData>
  <Data name="address"><value></value></Data></ExtendedData>
  <Point><coordinates>101.6854194,14.4078603</coordinates></Point></Placemark>
<Placemark>
<name>56 ม.21</name><ExtendedData>
  <Data name="address"><value></value></Data></ExtendedData>
  <Point><coordinates>101.679941,14.429145799999999</coordinates></Point></Placemark>
<Placemark>
<name>41 ม.12</name><ExtendedData>
  <Data name="address"><value></value></Data></ExtendedData>
  <Point><coordinates>101.7016649,14.3867683</coordinates></Point></Placemark>
<Placemark>
<name>14 ม.2</name><ExtendedData>
  <Data name="address"><value></value></Data></ExtendedData>
  <Point><coordinates>101.67093009999999,14.447575599999999</coordinates></Point></Placemark>
<Placemark>
<name>159 ม.12</name><ExtendedData>
  <Data name="address"><value></value></Data></ExtendedData>
  <Point><coordinates>101.6930027,14.391391899999999</coordinates></Point></Placemark>
<Placemark>
<name>166 ม.12</name><ExtendedData>
  <Data name="address"><value></value></Data></ExtendedData>
  <Point><coordinates>101.70947509999999,14.392519799999999</coordinates></Point></Placemark>
<Placemark>
<name>65 ม.2</name><ExtendedData>
  <Data name="address"><value></value></Data></ExtendedData>
  <Point><coordinates>101.6759593,14.444413599999999</coordinates></Point></Placemark>
<Placemark>
<name>170 ม.22</name><ExtendedData>
  <Data name="address"><value></value></Data></ExtendedData>
  <Point><coordinates>101.7189209,14.3718022</coordinates></Point></Placemark>
<Placemark>
<name>28 ม.21</name><ExtendedData>
  <Data name="address"><value></value></Data></ExtendedData>
  <Point><coordinates>101.6801026,14.4301553</coordinates></Point></Placemark>
<Placemark>
<name>110 ม.16</name><ExtendedData>
  <Data name="address"><value></value></Data></ExtendedData>
  <Point><coordinates>101.7296343,14.3622777</coordinates></Point></Placemark>
<Placemark>
<name>299 ม.12</name><ExtendedData>
  <Data name="address"><value></value></Data></ExtendedData>
  <Point><coordinates>101.7061817,14.388069999999999</coordinates></Point></Placemark>
<Placemark>
<name>54 ม.10</name><ExtendedData>
  <Data name="address"><value></value></Data></ExtendedData>
  <Point><coordinates>101.7377456,14.3797862</coordinates></Point></Placemark>
<Placemark>
<name>30 ม.21</name><ExtendedData>
  <Data name="address"><value></value></Data></ExtendedData>
  <Point><coordinates>101.6751975,14.431782</coordinates></Point></Placemark>
<Placemark>
<name>5 ม.12</name><ExtendedData>
  <Data name="address"><value></value></Data></ExtendedData>
  <Point><coordinates>101.6883963,14.393710299999999</coordinates></Point></Placemark>
<Placemark>
<name>50/1 ม.1</name><ExtendedData>
  <Data name="address"><value></value></Data></ExtendedData>
  <Point><coordinates>101.6586952,14.461355699999999</coordinates></Point></Placemark>
<Placemark>
<name>โรงพยาบาล คลองสะท้อน ม.5</name><ExtendedData>
  <Data name="address"><value>สถานีอนามัยคลองสะท้อน 3052 ทางหลวงชนบท ตำบล วังหมี อำเภอวังน้ำเขียว นครราชสีมา ไทย</value></Data></ExtendedData>
  <Point><coordinates>101.68481489999999,14.407732999999999</coordinates></Point></Placemark>
<Placemark>
<name>30 ม.2</name><ExtendedData>
  <Data name="address"><value></value></Data></ExtendedData>
  <Point><coordinates>101.6681004,14.446528599999999</coordinates></Point></Placemark>
<Placemark>
<name>กุลดา</name><ExtendedData>
  <Data name="address"><value></value></Data></ExtendedData>
  <Point><coordinates>101.7227357,14.367609499999999</coordinates></Point></Placemark>
<Placemark>
<name>109 ม.16</name><ExtendedData>
  <Data name="address"><value></value></Data></ExtendedData>
  <Point><coordinates>101.7213355,14.3637</coordinates></Point></Placemark>
<Placemark>
<name>56 ม.12</name><ExtendedData>
  <Data name="address"><value></value></Data></ExtendedData>
  <Point><coordinates>101.6888912,14.3942248</coordinates></Point></Placemark>
<Placemark>
<name>86 ม.5</name><ExtendedData>
  <Data name="address"><value></value></Data></ExtendedData>
  <Point><coordinates>101.68562829999999,14.405693999999999</coordinates></Point></Placemark>
<Placemark>
<name>30 ม.8</name><ExtendedData>
  <Data name="address"><value></value></Data></ExtendedData>
  <Point><coordinates>101.65042059999999,14.464393099999999</coordinates></Point></Placemark>
<Placemark>
<name>201 ม.5</name><ExtendedData>
  <Data name="address"><value>สวนแม่หม่อน ฟาร์ม แอนด์ คาเฟ่ วังน้ำเขียว 14°24'15.0"N 101°41'19.4"E, Wang Mi, Wang Nam Khiao District, Nakhon Ratchasima 30370 ไทย</value></Data></ExtendedData>
  <Point><coordinates>101.68918889999999,14.404166499999999</coordinates></Point></Placemark>
<Placemark>
<name>254 ม.5</name><ExtendedData>
  <Data name="address"><value></value></Data></ExtendedData>
  <Point><coordinates>101.6896556,14.410724799999999</coordinates></Point></Placemark>
<Placemark>
<name>46 ม.2</name><ExtendedData>
  <Data name="address"><value></value></Data></ExtendedData>
  <Point><coordinates>101.6757035,14.443637599999999</coordinates></Point></Placemark>
<Placemark>
<name>1 ม.10</name><ExtendedData>
  <Data name="address"><value></value></Data></ExtendedData>
  <Point><coordinates>101.738157,14.378955699999999</coordinates></Point></Placemark>
<Placemark>
<name>127 ม.5</name><ExtendedData>
  <Data name="address"><value></value></Data></ExtendedData>
  <Point><coordinates>101.6850104,14.409964899999999</coordinates></Point></Placemark>
<Placemark>
<name>66 ม.19</name><ExtendedData>
  <Data name="address"><value></value></Data></ExtendedData>
  <Point><coordinates>101.66184179999999,14.459238599999999</coordinates></Point></Placemark>
<Placemark>
<name>73 ม.16 ส่งนี้</name><ExtendedData>
  <Data name="address"><value></value></Data></ExtendedData>
  <Point><coordinates>101.7261558,14.373883399999999</coordinates></Point></Placemark>
<Placemark>
<name>268 ม.16</name><ExtendedData>
  <Data name="address"><value></value></Data></ExtendedData>
  <Point><coordinates>101.72417159999999,14.3649299</coordinates></Point></Placemark>
<Placemark>
<name>204 ม.2</name><ExtendedData>
  <Data name="address"><value></value></Data></ExtendedData>
  <Point><coordinates>101.6734299,14.4440899</coordinates></Point></Placemark>
<Placemark>
<name>195 ม.2</name><ExtendedData>
  <Data name="address"><value></value></Data></ExtendedData>
  <Point><coordinates>101.6804171,14.4432776</coordinates></Point></Placemark>
<Placemark>
<name>85 ม.12</name><ExtendedData>
  <Data name="address"><value></value></Data></ExtendedData>
  <Point><coordinates>101.68830109999999,14.394074999999999</coordinates></Point></Placemark>
<Placemark>
<name>40 ม.19</name><ExtendedData>
  <Data name="address"><value></value></Data></ExtendedData>
  <Point><coordinates>101.66041519999999,14.4594042</coordinates></Point></Placemark>
<Placemark>
<name>109/1 ม.1</name><ExtendedData>
  <Data name="address"><value></value></Data></ExtendedData>
  <Point><coordinates>101.6615266,14.4661546</coordinates></Point></Placemark>
<Placemark>
<name>192 ม.12</name><ExtendedData>
  <Data name="address"><value></value></Data></ExtendedData>
  <Point><coordinates>101.69814009999999,14.389087799999999</coordinates></Point></Placemark>
<Placemark>
<name>293 ม.10</name><ExtendedData>
  <Data name="address"><value></value></Data></ExtendedData>
  <Point><coordinates>101.7251758,14.3850997</coordinates></Point></Placemark>
<Placemark>
<name>38 ม.2</name><ExtendedData>
  <Data name="address"><value></value></Data></ExtendedData>
  <Point><coordinates>101.6793714,14.445064599999998</coordinates></Point></Placemark>
<Placemark>
<name>456 ม.2</name><ExtendedData>
  <Data name="address"><value></value></Data></ExtendedData>
  <Point><coordinates>101.6780447,14.437770899999999</coordinates></Point></Placemark>
<Placemark>
<name>283 ม.10</name><ExtendedData>
  <Data name="address"><value></value></Data></ExtendedData>
  <Point><coordinates>101.7087023,14.382418099999999</coordinates></Point></Placemark>
<Placemark>
<name>91 ม.12</name><ExtendedData>
  <Data name="address"><value></value></Data></ExtendedData>
  <Point><coordinates>101.69103559999999,14.3942845</coordinates></Point></Placemark>
<Placemark>
<name>198 ม.16</name><ExtendedData>
  <Data name="address"><value>198, Moon River Village, ตำบล วังหมี อำเภอวังน้ำเขียว นครราชสีมา 30370 ไทย</value></Data></ExtendedData>
  <Point><coordinates>101.7349107,14.3717259</coordinates></Point></Placemark>
<Placemark>
<name>15 ม.8</name><ExtendedData>
  <Data name="address"><value></value></Data></ExtendedData>
  <Point><coordinates>101.648873,14.467653499999999</coordinates></Point></Placemark>
<Placemark>
<name>31 ม.2</name><ExtendedData>
  <Data name="address"><value></value></Data></ExtendedData>
  <Point><coordinates>101.6758811,14.442884099999999</coordinates></Point></Placemark>
<Placemark>
<name>222 ม.10</name><ExtendedData>
  <Data name="address"><value></value></Data></ExtendedData>
  <Point><coordinates>101.7238028,14.3703556</coordinates></Point></Placemark>
<Placemark>
<name>243/1 ม.5 ฝากได้</name><ExtendedData>
  <Data name="address"><value></value></Data></ExtendedData>
  <Point><coordinates>101.6821485,14.4078541</coordinates></Point></Placemark>
<Placemark>
<name>168 ม.12</name><ExtendedData>
  <Data name="address"><value></value></Data></ExtendedData>
  <Point><coordinates>101.70432459999999,14.4038089</coordinates></Point></Placemark>
<Placemark>
<name>254 ม.1</name><ExtendedData>
  <Data name="address"><value></value></Data></ExtendedData>
  <Point><coordinates>101.6597718,14.463070499999999</coordinates></Point></Placemark>
<Placemark>
<name>273 ม.10</name><ExtendedData>
  <Data name="address"><value></value></Data></ExtendedData>
  <Point><coordinates>101.72349969999999,14.3782117</coordinates></Point></Placemark>
<Placemark>
<name>93 ม.2</name><ExtendedData>
  <Data name="address"><value></value></Data></ExtendedData>
  <Point><coordinates>101.6789017,14.4443915</coordinates></Point></Placemark>
<Placemark>
<name>10 ม.16</name><ExtendedData>
  <Data name="address"><value></value></Data></ExtendedData>
  <Point><coordinates>101.7243366,14.3598699</coordinates></Point></Placemark>
<Placemark>
<name>95 ม.2</name><ExtendedData>
  <Data name="address"><value></value></Data></ExtendedData>
  <Point><coordinates>101.6749974,14.4428503</coordinates></Point></Placemark>
<Placemark>
<name>354 ม.5</name><ExtendedData>
  <Data name="address"><value></value></Data></ExtendedData>
  <Point><coordinates>101.687181,14.4110787</coordinates></Point></Placemark>
<Placemark>
<name>34 ม.1/2</name><ExtendedData>
  <Data name="address"><value></value></Data></ExtendedData>
  <Point><coordinates>101.65914719999999,14.4622085</coordinates></Point></Placemark>
<Placemark>
<name>115 ม.1</name><ExtendedData>
  <Data name="address"><value></value></Data></ExtendedData>
  <Point><coordinates>101.65703859999999,14.4611138</coordinates></Point></Placemark>
<Placemark>
<name>237 ม.5 ฝากได้</name><ExtendedData>
  <Data name="address"><value></value></Data></ExtendedData>
  <Point><coordinates>101.6857825,14.407820399999999</coordinates></Point></Placemark>
<Placemark>
<name>44 ม.16 ฝากได้</name><ExtendedData>
  <Data name="address"><value></value></Data></ExtendedData>
  <Point><coordinates>101.7346115,14.3634229</coordinates></Point></Placemark>
<Placemark>
<name>163 ม.1</name><ExtendedData>
  <Data name="address"><value></value></Data></ExtendedData>
  <Point><coordinates>101.6596122,14.466588999999999</coordinates></Point></Placemark>
<Placemark>
<name>88 ม.16</name><ExtendedData>
  <Data name="address"><value></value></Data></ExtendedData>
  <Point><coordinates>101.7240851,14.3595945</coordinates></Point></Placemark>
<Placemark>
<name>54 ม.1 ดีตะขบ</name><ExtendedData>
  <Data name="address"><value></value></Data></ExtendedData>
  <Point><coordinates>101.6603662,14.4645768</coordinates></Point></Placemark>
<Placemark>
<name>33 ม.2</name><ExtendedData>
  <Data name="address"><value></value></Data></ExtendedData>
  <Point><coordinates>101.68532049999999,14.4351082</coordinates></Point></Placemark>
<Placemark>
<name>18 ม.8</name><ExtendedData>
  <Data name="address"><value></value></Data></ExtendedData>
  <Point><coordinates>101.6504112,14.464285299999998</coordinates></Point></Placemark>
<Placemark>
<name>26 ม.19</name><ExtendedData>
  <Data name="address"><value></value></Data></ExtendedData>
  <Point><coordinates>101.6620188,14.460373899999999</coordinates></Point></Placemark>
<Placemark>
<name>144 ม.5</name><ExtendedData>
  <Data name="address"><value></value></Data></ExtendedData>
  <Point><coordinates>101.6905287,14.404081399999999</coordinates></Point></Placemark></Document></kml>